SriLanka_creole,phonetic_transcription,phono_TRSVD,phono_CV
Abaço,abaso,V.TV.SV,V.CV.CV
Aberçà,abeɾsaː,V.TVR.SV,V.CVC.CV
abersà,abeɾsaː,V.TVR.SV,V.CVC.CV
aburçá,abuɾsaː,V.TVR.SV,V.CVC.CV
Aburcé,abuɾseː,V.TVR.SV,V.CVC.CV
Aborcido,aboɾsido,V.TVR.SV.TV,V.CVC.CV.CV
Absença,absensa,V.T.SVR.SV,V.C.CVC.CV
Acá,akaː,V.TV,V.CV
Açorague,asoɾage,V.SV.RV.TV,V.CV.CV.CV
Adéo,adeːo,V.TV.V,V.CV.V
Adiôto,adioːto,V.TV.V.TV,V.CV.V.CV
Adultéria,adulteːɾia,V.TVR.TV.RV.V,V.CVC.CV.CV.V
adulteração,adulteɾasaːo,V.TVR.TV.RV.SV.V,V.CVC.CV.CV.CV.V
Affeçan,afesan,V.TV.SVR,V.CV.CVC
Ágô,aːgoː,V.TV,V.CV
Agradado,agɾadado,V.TRV.TV.TV,V.CCV.CV.CV
Aguá,aguaː,V.TV.V,V.CV.V
aguvá,aguʋaː,V.TV.TV,V.CV.CV
Aindè,aindeː,V.VR.TV,V.VC.CV
Albre,albɾe,VR.TRV,VC.CCV
àlbri,aːlbɾi,VR.TRV,VC.CCV
àlbir,aːlbiɾ,VR.TVR,VC.CVC
Aldia,aldia,VR.TV.V,VC.CV.V
Alegrado,alegɾado,V.RV.TRV.TV,V.CV.CCV.CV
Alegroso,alegɾozo,V.RV.TRV.SV,V.CV.CCV.CV
Alfada,alfada,VR.TV.TV,VC.CV.CV
Alfàndago,alfaːndago,VR.TVR.TV.TV,VC.CVC.CV.CV
Alfiato,alfiato,VR.TV.V.TV,VC.CV.V.CV
Alhuma,aʎuma,V.RVRV,V.CVCV
Allagre,alagɾe,V.RV.TRV,V.CV.CCV
allagroso,alagɾozo,V.RV.TRV.SV,V.CV.CCV.CV
allegrioso,alegɾiozo,V.RV.TRV.V.SV,V.CV.CCV.V.CV
Allagria,alagɾia,V.RV.TRV.V,V.CV.CCV.V
allegri,alegɾi,V.RV.TRV,V.CV.CCV
Almári,almaːɾi,VR.RV.RV,VC.CV.CV
Almazem,almazem,VR.RV.SVR,VC.CV.CVC
Almóça,almoːsa,VR.RV.SV,VC.CV.CV
Alumado,alumado,V.RVRV.TV,V.CVCV.CV
Aluminá,aluminaː,V.RVRV.RV,V.CVCV.CV
Alverção,alʋeɾsaːo,VR.TVR.SV.V,VC.CVC.CV.V
Alvorsà,alʋoɾsaː,VR.TVR.SV,VC.CVC.CV
alversá,alʋeɾsaː,VR.TVR.SV,VC.CVC.CV
Alvoroção,alʋoɾosaːo,VR.TV.RV.SV.V,VC.CV.CV.CV.V
alvroço,alʋɾoso,VR.TRV.SV,VC.CCV.CV
Amanhão,amaɲaːo,V.RVRV.V,V.CVCV.V
aminhão,amiɲaːo,V.RVRV.V,V.CVCV.V
amião,amiaːo,V.RV.VV,V.CV.VV
amiam,amiam,V.RV.VR,V.CV.VC
Amaroso,amaɾozo,V.RVRV.SV,V.CVCV.CV
ameroso,ameɾozo,V.RVRV.SV,V.CVCV.CV
amoro,amoɾo,V.RVRV,V.CVCV
Amiçan,amisan,V.RV.SVR,V.CV.CVC
Ampér,ampeːɾ,VR.TVR,VC.CVC
Anela,anela,V.RVRV,V.CVCV
Anima,anima,V.RVRV,V.CVCV
Ankerà,ankeɾaː,VR.TV.RV,VC.CV.CV
ancrà,ankɾaː,VR.TRV,VC.CCV
Apinhá,apiɲaː,V.TV.RV,V.CV.CV
Aquél,akeːl,V.TVR,V.CVC
aquelle,akele,V.TV.RV,V.CV.CV
Ária,aːɾia,V.RV.V,V.CV.V
Arià,aɾiaː,V.RV.V,V.CV.V
Aros,aɾos,V.RVS,V.CVC
Artifiço,aɾtifiso,VR.TV.TV.SV,VC.CV.CV.CV
Ásper,aːspeɾ,VS.TVR,VC.CVC
Asperdade,aspeɾdade,VS.TVR.TV.TV,VC.CVC.CV.CV
Assitanto,asitanto,V.SV.TVR.TV,V.CV.CVC.CV
astanto,astanto,VS.TVR.TV,VC.CVC.CV
Assino,asino,V.SV.RV,V.CV.CV
Assofran,asofɾan,V.SV.TRVR,V.CV.CCVC
Atà,ataː,V.TV,V.CV
Atarde,ataɾde,V.TVR.TV,V.CVC.CV
Atchà,at̠ʃaː,V.TV,V.CV
Atramento,atɾamento,V.TRV.RVR.TV,V.CCV.CVC.CV
Attermesan,atːeɾmezan,V.TVR.RV.SVR,V.CVC.CV.CVC
Audénci,audeːnsi,VG.TVR.SV,VG.CVC.CV
Audia,audia,VG.TV.V,VG.CV.V
Avantagem,aʋantad̠ʒem,V.TVR.TV.TVR,V.CVC.CV.CVC
Avelho,aʋeʎo,V.TV.RV,V.CV.CV
Avená,aʋenaː,V.TV.RV,V.CV.CV
Avoà,aʋoaː,V.TV.V,V.CV.V
Azéte,azeːte,V.SV.TV,V.CV.CV
aziete,aziete,V.SV.V.TV,V.CV.V.CV
Baclà,baklaː,TV.TRV,CV.CCV
Bailo,bailo,TV.V.RV,CV.V.CV
Basséza,baseːza,TV.SV.SV,CV.CV.CV
Bandeya,bandeja,TVR.TV.RV,CVC.CV.CV
Barrato,barato,TV.RV.TV,CV.CV.CV
Barrê,bareː,TV.RV,CV.CV
Batrai,batɾai,TV.TRV.V,CV.CCV.V
Battà,batːaː,TV.TV,CV.CV
Battalho,batːaʎo,TV.TV.RV,CV.CV.CV
Bautizá,bautizaː,TVG.TV.SV,CVG.CV.CV
Beberão,bebeɾaːo,TV.TV.RV.V,CV.CV.CV.V
babarão,babaɾaːo,TV.TV.RV.V,CV.CV.CV.V
bebrão,bebɾaːo,TV.TRV.V,CV.CCV.V
Béço,beːso,TV.SV,CV.CV
Bença,bensa,TVR.SV,CVC.CV
bencè,benseː,TVR.SV,CVC.CV
Bendição,bendisaːo,TVR.TV.SV.V,CVC.CV.CV.V
Beneficaçan,benefikasan,TV.RV.TV.TV.SVR,CV.CV.CV.CV.CVC
Bénza,beːnza,TVR.SV,CVC.CV
bénzè,beːnzeː,TVR.SV,CVC.CV
Bijá,bid̠ʒaː,TV.TV,CV.CV
Bisiga,biziga,TV.SV.TV,CV.CV.CV
Blasphemoso,blasfemozo,TRVS.TV.RV.SV,CCVC.CV.CV.CV
Bõa,boːa,TV.V,CV.V
Bocadè,bokadeː,TV.TV.TV,CV.CV.CV
Bom,bom,TVR,CVC
Bordè,boɾdeː,TVR.TV,CVC.CV
Bordiá,boɾdiaː,TVR.TV.V,CVC.CV.V
Borrecido,boresido,TV.RV.SV.TV,CV.CV.CV.CV
Boutic,boutik,TVG.TV.T,CVG.CV.C
Branca,bɾanka,TRVR.TV,CCVC.CV
Branda,bɾanda,TRVR.TV,CCVC.CV
Branquéza,bɾankeːza,TRVR.TV.SV,CCVC.CV.CV
Brazá,bɾazaː,TRV.SV,CCV.CV
Bremellio,bɾemelio,TRV.RVRV.V,CCV.CVCV.V
brimellio,bɾimelio,TRV.RVRV.V,CCV.CVCV.V
brimalho,bɾimaʎo,TRV.RVRV,CCV.CVCV
brimejo,bɾimed̠ʒo,TRV.RV.TV,CCV.CV.CV
Bruffador,bɾufadoɾ,TRV.TV.TVR,CCV.CV.CVC
Bunaca,bunaka,TV.RV.TV,CV.CV.CV
Bunito,bunito,TV.RV.TV,CV.CV.CV
Burcê,buɾseː,TVR.SV,CVC.CV
burçá,buɾsaː,TVR.SV,CVC.CV
Cabeça,kabesa,TV.TV.SV,CV.CV.CV
cabeçé,kabeseː,TV.TV.SV,CV.CV.CV
Cabelho,kabeʎo,TV.TV.RV,CV.CV.CV
Cachorinho,kat̠ʃoɾiɲo,TV.TV.RVRV,CV.CV.CVCV
Cadè,kadeː,TV.TV,CV.CV
Cadéra,kadeːɾa,TV.TV.RV,CV.CV.CV
Cadia,kadia,TV.TV.V,CV.CV.V
Caix,kaiʃ,TV.V.T,CV.V.C
Càlis,kaːlis,TV.RVS,CV.CVC
Calmo,kalmo,TVR.RV,CVC.CV
Cambiador,kambiadoɾ,TVR.TV.V.TVR,CVC.CV.V.CVC
Canàlhi,kanaːʎi,TV.RVRV,CV.CVCV
Candecera,kandeseɾa,TVR.TV.SV.RV,CVC.CV.CV.CV
can'cera,kanəseɾa,TV.RV.SV.RV,CV.CV.CV.CV
Cândia,kaːndia,TVR.TV.V,CVC.CV.V
Canto,kanto,TVR.TV,CVC.CV
Capas,kapas,TV.TVS,CV.CVC
Captão,kaptaːo,TV.T.TV.V,CV.C.CV.V
capitano,kapitano,TV.TV.TV.RV,CV.CV.CV.CV
Caravão,kaɾaʋaːo,TV.RV.TV.V,CV.CV.CV.V
Cargá,kaɾgaː,TVR.TV,CVC.CV
Cargação,kaɾgasaːo,TVR.TV.SV.V,CVC.CV.CV.V
Caridavel,kaɾidaʋel,TV.RV.TV.TVR,CV.CV.CV.CVC
Caringuejo,kaɾinged̠ʒo,TV.RVR.TV.TV,CV.CVC.CV.CV
Caristia,kaɾistia,TV.RVS.TV.V,CV.CVC.CV.V
caristi,kaɾisti,TV.RVS.TV,CV.CVC.CV
carrestia,karestia,TV.RVS.TV.V,CV.CVC.CV.V
Cartè,kaɾteː,TVR.TV,CVC.CV
Casião,kaziaːo,TV.SV.VV,CV.CV.VV
Cassa,kasa,TV.SV,CV.CV
Castella,kastela,TVS.TV.RV,CVC.CV.CV
castellé,kasteleː,TVS.TV.RV,CVC.CV.CV
Castigação,kastigasaːo,TVS.TV.TV.SV.V,CVC.CV.CV.CV.V
Catividade,katiʋidade,TV.TV.TV.TV.TV,CV.CV.CV.CV.CV
Catàrr,kataːr,TV.TVR,CV.CVC
Causo,kauzo,TVG.SV,CVG.CV
Cavalheria,kaʋaʎeɾia,TV.TV.RVRV.V,CV.CV.CVCV.V
Cavelyéro,kaʋelʲeːɾo,TV.TV.RVRV,CV.CV.CVCV
Cavelo,kaʋelo,TV.TV.RV,CV.CV.CV
Caverno,kaʋeɾno,TV.TVR.RV,CV.CVC.CV
Caxa,kaʃa,TV.TV,CV.CV
Cendê,sendeː,SVR.TV,CVC.CV
Ceremonio,seɾemonio,SV.RVRV.RV.V,CV.CVCV.CV.V
Chalo,t̠ʃalo,TV.RV,CV.CV
Chápè,t̠ʃaːpeː,TV.TV,CV.CV
Chape,t̠ʃape,TV.TV,CV.CV
Chéo,t̠ʃeːo,TV.V,CV.V
Chéro,t̠ʃeːɾo,TV.RV,CV.CV
chiero,t̠ʃieɾo,TV.V.RV,CV.V.CV
chiesto,t̠ʃiesto,TV.VS.TV,CV.VC.CV
chisto,t̠ʃisto,TVS.TV,CVC.CV
Chocarréa,t̠ʃokareːa,TV.TV.RV.V,CV.CV.CV.V
choqueria,t̠ʃokeɾia,TV.TV.RV.V,CV.CV.CV.V
Chomà,t̠ʃomaː,TV.RV,CV.CV
Chóma,t̠ʃoːma,TV.RV,CV.CV
Cinquo,sinkuo,SVR.TV.V,CVC.CV.V
cinquè,sinkeː,SVR.TV,CVC.CV
Clar,klaɾ,TRVR,CCVC
Clarmente,klaɾmente,TRVR.RVR.TV,CCVC.CVC.CV
Coidá,kojdaː,TVR.TV,CVC.CV
Coidado,kojdado,TVR.TV.TV,CVC.CV.CV
Çoità,sojtaː,SVR.TV,CVC.CV
Colleição,koleisaːo,TV.RVG.SV.V,CV.CVG.CV.V
Columno,kolumno,TV.RVR.RV,CV.CVC.CV
Cóma,koːma,TV.RV,CV.CV
comè,komeː,TV.RV,CV.CV
Combersan,kombeɾsan,TVR.TVR.SVR,CVC.CVC.CVC
Comedi,komedi,TV.RV.TV,CV.CV.CV
comédè,komeːdeː,TV.RV.TV,CV.CV.CV
Comera,komeɾa,TV.RVRV,CV.CVCV
comêrè,komeːɾeː,TV.RVRV,CV.CVCV
comero,komeɾo,TV.RVRV,CV.CVCV
comeira,komeiɾa,TV.RVG.RV,CV.CVG.CV
coméria,komeːɾia,TV.RVRV.V,CV.CVCV.V
Comidá,komidaː,TV.RV.TV,CV.CV.CV
Comidação,komidasaːo,TV.RV.TV.SV.V,CV.CV.CV.CV.V
Commettá,kometːaː,TV.RV.TV,CV.CV.CV
Comminhão,komiɲaːo,TV.RVRV.V,CV.CVCV.V
Companhamen-to,kompaɲamen to,TVR.TV.RVRVR TV,CVC.CV.CVCVC CV
companhimento,kompaɲimento,TVR.TV.RVRVR.TV,CVC.CV.CVCVC.CV
compinhamento,kompiɲamento,TVR.TV.RVRVR.TV,CVC.CV.CVCVC.CV
Comtodo,komtodo,TVR.TV.TV,CVC.CV.CV
Con'cé,konəseː,TV.RV.SV,CV.CV.CV
Condiná,kondinaː,TVR.TV.RV,CVC.CV.CV
Condinação,kondinasaːo,TVR.TV.RV.SV.V,CVC.CV.CV.CV.V
Confessão,konfesaːo,TVR.TV.SV.V,CVC.CV.CV.V
confesso,konfeso,TVR.TV.SV,CVC.CV.CV
Conforma,konfoɾma,TVR.TVR.RV,CVC.CVC.CV
Confundá,konfundaː,TVR.TVR.TV,CVC.CVC.CV
Consecração,konsekɾasaːo,TVR.SV.TRV.SV.V,CVC.CV.CCV.CV.V
Conselà,konselaː,TVR.SV.RV,CVC.CV.CV
Conselação,konselasaːo,TVR.SV.RV.SV.V,CVC.CV.CV.CV.V
consalação,konsalasaːo,TVR.SV.RV.SV.V,CVC.CV.CV.CV.V
Conselyo,konselʲo,TVR.SV.RV,CVC.CV.CV
Consistá,konsistaː,TVR.SVS.TV,CVC.CVC.CV
Constrangà,konstɾangaː,TVRS.TRVR.TV,CVCC.CCVC.CV
Contentado,kontentado,TVR.TVR.TV.TV,CVC.CVC.CV.CV
Conter,konteɾ,TVR.TVR,CVC.CVC
Contrairo,kontɾaiɾo,TVR.TRV.V.RV,CVC.CCV.V.CV
Conversão,konʋeɾsaːo,TVR.TVR.SV.V,CVC.CVC.CV.V
Convertação,konʋeɾtasaːo,TVR.TVR.TV.SV.V,CVC.CVC.CV.CV.V
Convidação,konʋidasaːo,TVR.TV.TV.SV.V,CVC.CV.CV.CV.V
Convinçà,konʋinsaː,TVR.TVR.SV,CVC.CVC.CV
Coragè,koɾad̠ʒeː,TV.RV.TV,CV.CV.CV
corajo,koɾad̠ʒo,TV.RV.TV,CV.CV.CV
courajo,kouɾad̠ʒo,TVG.RV.TV,CVG.CV.CV
Cordà,koɾdaː,TVR.TV,CVC.CV
cordià,koɾdiaː,TVR.TV.V,CVC.CV.V
Cordè,koɾdeː,TVR.TV,CVC.CV
Corovà,koɾoʋaː,TV.RV.TV,CV.CV.CV
Corovè,koɾoʋeː,TV.RV.TV,CV.CV.CV
Correição,koreisaːo,TV.RVG.SV.V,CV.CVG.CV.V
Correntè,korenteː,TV.RVR.TV,CV.CVC.CV
currento,kurento,TV.RVR.TV,CV.CVC.CV
Corruptido,koruptido,TV.RV.T.TV.TV,CV.CV.C.CV.CV
Côrto,koːɾto,TVR.TV,CVC.CV
Cósse,koːse,TV.SV,CV.CV
Cossér,koseːɾ,TV.SVR,CV.CVC
Couraço,kouɾaso,TVG.RV.SV,CVG.CV.CV
Crem,kɾem,TRVR,CCVC
Crescentà,kɾesentaː,TRV.SVR.TV,CCV.CVC.CV
criscentá,kɾisentaː,TRV.SVR.TV,CCV.CVC.CV
Criançè,kɾianseː,TRV.VR.SV,CCV.VC.CV
criença,kɾiensa,TRV.VR.SV,CCV.VC.CV
Criscé,kɾiseː,TRV.SV,CCV.CV
crisé,kɾizeː,TRV.SV,CCV.CV
Cruveldade,kɾuʋeldade,TRV.TVR.TV.TV,CCV.CVC.CV.CV
Cuidade,kuidade,TV.V.TV.TV,CV.V.CV.CV
cuidação,kuidasaːo,TV.V.TV.SV.V,CV.V.CV.CV.V
cuidança,kuidansa,TV.V.TVR.SV,CV.V.CVC.CV
cuidancè,kuidanseː,TV.V.TVR.SV,CV.V.CVC.CV
Cum,kum,TVR,CVC
Cum'sá,kuməsaː,TV.RV.SV,CV.CV.CV
Cupá,kupaː,TV.TV,CV.CV
Cupação,kupasaːo,TV.TV.SV.V,CV.CV.CV.V
Curá,kuɾaː,TV.RV,CV.CV
Cural,kuɾal,TV.RVR,CV.CVC
Cusá,kuzaː,TV.SV,CV.CV
Cúspi,kuːspi,TVS.TV,CVC.CV
cóspi,koːspi,TVS.TV,CVC.CV
Customà,kustomaː,TVS.TV.RV,CVC.CV.CV
Dádimo,daːdimo,TV.TV.RV,CV.CV.CV
Danaficà,danafikaː,TV.RV.TV.TV,CV.CV.CV.CV
Darté,daɾteː,TVR.TV,CVC.CV
derté,deɾteː,TVR.TV,CVC.CV
Dedia,dedia,TV.TV.V,CV.CV.V
Declarão,deklaɾaːo,TV.TRV.RV.V,CV.CCV.CV.V
Deixa,deiʃa,TVG.TV,CVG.CV
dessa,desa,TV.SV,CV.CV
Demóni,demoːni,TV.RVRV,CV.CVCV
Déntor,deːntoɾ,TVR.TVR,CVC.CVC
Desasparà,dezaspaɾaː,TV.SVS.TV.RV,CV.CVC.CV.CV
Descargà,deskaɾgaː,TVS.TVR.TV,CVC.CVC.CV
Desci,desi,TV.SV,CV.CV
Descompetido,deskompetido,TVS.TVR.TV.TV.TV,CVC.CVC.CV.CV.CV
Descontentado,deskontentado,TVS.TVR.TVR.TV.TV,CVC.CVC.CVC.CV.CV
Descuidação,deskuidasaːo,TVS.TV.V.TV.SV.V,CVC.CV.V.CV.CV.V
descuidancè,deskuidanseː,TVS.TV.V.TVR.SV,CVC.CV.V.CVC.CV
Deseijo,dezeid̠ʒo,TV.SVG.TV,CV.CVG.CV
deselho,dezeʎo,TV.SV.RV,CV.CV.CV
Deseijà,dezeid̠ʒaː,TV.SVG.TV,CV.CVG.CV
Desembarçan,dezembaɾsan,TV.SVR.TVR.SVR,CV.CVC.CVC.CVC
Desempará,dezempaɾaː,TV.SVR.TV.RV,CV.CVC.CV.CV
desemprà,dezempɾaː,TV.SVR.TRV,CV.CVC.CCV
Deshonestade,deʃonestade,TV.TV.RVS.TV.TV,CV.CV.CVC.CV.CV
Desià,deziaː,TV.SV.V,CV.CV.V
disià,diziaː,TV.SV.V,CV.CV.V
diziá,diziaː,TV.SV.V,CV.CV.V
Desio,dezio,TV.SV.V,CV.CV.V
disio,dizio,TV.SV.V,CV.CV.V
Desemportado,dezempoɾtado,TV.SVR.TVR.TV.TV,CV.CVC.CVC.CV.CV
Desmasiação,dezmaziasaːo,TVS.RV.SV.V.SV.V,CVC.CV.CV.V.CV.V
Despadaçá,despadasaː,TVS.TV.TV.SV,CVC.CV.CV.CV
Despois,despojs,TVS.TVRS,CVC.CVCC
Desprazá,despɾazaː,TVS.TRV.SV,CVC.CCV.CV
Desproveitoso,despɾoʋeitozo,TVS.TRV.TVG.TV.SV,CVC.CCV.CVG.CV.CV
Destribuá,destɾibuaː,TVS.TRV.TV.V,CVC.CCV.CV.V
Destribuação,destɾibuasaːo,TVS.TRV.TV.V.SV.V,CVC.CCV.CV.V.CV.V
destribução,destɾibusaːo,TVS.TRV.TV.SV.V,CVC.CCV.CV.CV.V
Destruvé,destɾuʋeː,TVS.TRV.TV,CVC.CCV.CV
destruivé,destɾuiʋeː,TVS.TRV.V.TV,CVC.CCV.V.CV
destruvà,destɾuʋaː,TVS.TRV.TV,CVC.CCV.CV
Destruiação,destɾuiasaːo,TVS.TRV.VV.SV.V,CVC.CCV.VV.CV.V
destruivição,destɾuiʋisaːo,TVS.TRV.V.TV.SV.V,CVC.CCV.V.CV.CV.V
destrucção,destɾuksaːo,TVS.TRV.T.SV.V,CVC.CCV.C.CV.V
Dettà,detːaː,TV.TV,CV.CV
Dezoitè,dezojteː,TV.SVR.TV,CV.CVC.CV
Differéncia,difeɾeːnsia,TV.TV.RVR.SV.V,CV.CV.CVC.CV.V
Disaccordancè,dizakoɾdanseː,TV.SV.TVR.TVR.SV,CV.CV.CVC.CVC.CV
Discé,diseː,TV.SV,CV.CV
Discendé,disendeː,TV.SVR.TV,CV.CVC.CV
Discerto,diseɾto,TV.SVR.TV,CV.CVC.CV
Discete,disete,TV.SV.TV,CV.CV.CV
Disciplo,disiplo,TV.SV.TRV,CV.CV.CCV
Disconfiador,diskonfiadoɾ,TVS.TVR.TV.V.TVR,CVC.CVC.CV.V.CVC
Disconfiadeira,diskonfiadeiɾa,TVS.TVR.TV.V.TVG.RV,CVC.CVC.CV.V.CVG.CV
Discontentomento,diskontentomento,TVS.TVR.TVR.TV.RVR.TV,CVC.CVC.CVC.CV.CVC.CV
Disfiel,disfiel,TVS.TV.VR,CVC.CV.VC
disfieldado,disfieldado,TVS.TV.VR.TV.TV,CVC.CV.VC.CV.CV
Disfieldade,disfieldade,TVS.TV.VR.TV.TV,CVC.CV.VC.CV.CV
Dismuê,dizmueː,TVS.RV.V,CVC.CV.V
Disobedecido,dizobedesido,TV.SV.TV.TV.SV.TV,CV.CV.CV.CV.CV.CV
Dispidê,dispideː,TVS.TV.TV,CVC.CV.CV
Dispôs,dispoːs,TVS.TVS,CVC.CVC
Disputação,disputasaːo,TVS.TV.TV.SV.V,CVC.CV.CV.CV.V
Dominião,dominiaːo,TV.RVRV.VV,CV.CVCV.VV
Dós,doːs,TVS,CVC
dous,dous,TVGS,CVGC
Dozeiro,dozeiɾo,TV.SVG.RV,CV.CVG.CV
douzeiro,douzeiɾo,TVG.SVG.RV,CVG.CVG.CV
Dózimo,doːzimo,TV.SV.RV,CV.CV.CV
Dreito,dɾeito,TRVG.TV,CCVG.CV
dreto,dɾeto,TRV.TV,CCV.CV
Dromi,dɾomi,TRV.RV,CCV.CV
dromé,dɾomeː,TRV.RV,CCV.CV
drumé,dɾumeː,TRV.RV,CCV.CV
Dromiçá,dɾomisaː,TRV.RV.SV,CCV.CV.CV
Dromiçá,dɾomisaː,TRV.RV.SV,CCV.CV.CV
Dúki,duːki,TV.TV,CV.CV
Dukesè,dukezeː,TV.TV.SV,CV.CV.CV
Durança,duɾansa,TV.RVR.SV,CV.CVC.CV
Duvidade,duʋidade,TV.TV.TV.TV,CV.CV.CV.CV
duvidança,duʋidansa,TV.TV.TVR.SV,CV.CV.CVC.CV
Egualadomente,egualadomente,V.TV.V.RV.TV.RVR.TV,V.CV.V.CV.CV.CVC.CV
Emperador,empeɾadoɾ,VR.TV.RV.TVR,VC.CV.CV.CVC
emperdor,empeɾdoɾ,VR.TVR.TVR,VC.CVC.CVC
Empressado,empɾesado,VR.TRV.SV.TV,VC.CCV.CV.CV
Encenso,ensenso,VR.SVR.SV,VC.CVC.CV
Enferno,enfeɾno,VR.TVR.RV,VC.CVC.CV
Engrato,engɾato,VR.TRV.TV,VC.CCV.CV
Enjoelho,end̠ʒoeʎo,VR.TV.V.RV,VC.CV.V.CV
Enluminá,enluminaː,VR.RV.RVRV,VC.CV.CVCV
enlumiá,enlumiaː,VR.RV.RV.V,VC.CV.CV.V
Enteiro,enteiɾo,VR.TVG.RV,VC.CVG.CV
Envéja,enʋeːd̠ʒa,VR.TV.TV,VC.CV.CV
envejè,enʋed̠ʒeː,VR.TV.TV,VC.CV.CV
envéjo,enʋeːd̠ʒo,VR.TV.TV,VC.CV.CV
enveijo,enʋeid̠ʒo,VR.TVG.TV,VC.CVG.CV
Envisté,enʋisteː,VR.TVS.TV,VC.CVC.CV
Erdávè,eɾdaːʋeː,VR.TV.TV,VC.CV.CV
Esperdição,espeɾdisaːo,VS.TVR.TV.SV.V,VC.CVC.CV.CV.V
Fábre,faːbɾe,TV.TRV,CV.CCV
Faê,faeː,TV.V,CV.V
Faltança,faltansa,TVR.TVR.SV,CVC.CVC.CV
Familha,famiʎa,TV.RVRV,CV.CVCV
familyè,familʲeː,TV.RVRV,CV.CVCV
Faz,fas,TVS,CVC
Fàze,faːze,TV.SV,CV.CV
Fazedo,fazedo,TV.SV.TV,CV.CV.CV
fazido,fazido,TV.SV.TV,CV.CV.CV
Feirréro,feireːɾo,TVG.RV.RV,CVG.CV.CV
Felizamente,felizamente,TV.RV.SV.RVR.TV,CV.CV.CV.CVC.CV
Femè,femeː,TV.RV,CV.CV
Féo,feːo,TV.V,CV.V
feu,feu,TVG,CVG
Feudade,feudade,TVG.TV.TV,CVG.CV.CV
Ferão,feɾaːo,TV.RV.V,CV.CV.V
Ferido,feɾido,TV.RV.TV,CV.CV.CV
Ferraro,feraɾo,TV.RVRV,CV.CVCV
Fessão,fesaːo,TV.SV.V,CV.CV.V
Festè,festeː,TVS.TV,CVC.CV
Feticeria,fetiseɾia,TV.TV.SV.RV.V,CV.CV.CV.CV.V
Fetiço,fetiso,TV.TV.SV,CV.CV.CV
Feto,feto,TV.TV,CV.CV
Fieldade,fieldade,TV.VR.TV.TV,CV.VC.CV.CV
Filyo,filʲo,TV.RV,CV.CV
Firmidade,fiɾmidade,TVR.RV.TV.TV,CVC.CV.CV.CV
Fisgà,fizgaː,TVS.TV,CVC.CV
Fitè,fiteː,TV.TV,CV.CV
Flamma,flama,TRV.RV,CCV.CV
Fogà,fogaː,TV.TV,CV.CV
Fólga,foːlga,TVR.TV,CVC.CV
Folho,foʎo,TV.RV,CV.CV
Fórea,foːɾea,TV.RV.V,CV.CV.V
fória,foːɾia,TV.RV.V,CV.CV.V
Fornè,foɾneː,TVR.RV,CVC.CV
Forrè,foreː,TV.RV,CV.CV
Fortelezè,foɾtelezeː,TVR.TV.RV.SV,CVC.CV.CV.CV
fortéza,foɾteːza,TVR.TV.SV,CVC.CV.CV
Fortificação,foɾtifikasaːo,TVR.TV.TV.TV.SV.V,CVC.CV.CV.CV.CV.V
Fremoso,fɾemozo,TRV.RV.SV,CCV.CV.CV
Fremosura,fɾemozuɾa,TRV.RV.SV.RV,CCV.CV.CV.CV
fremesura,fɾemezuɾa,TRV.RV.SV.RV,CCV.CV.CV.CV
fremesora,fɾemezoɾa,TRV.RV.SV.RV,CCV.CV.CV.CV
fremasora,fɾemazoɾa,TRV.RV.SV.RV,CCV.CV.CV.CV
Frés,fɾeːs,TRVS,CCVC
frez,fɾes,TRVS,CCVC
Friu,fɾiu,TRV.V,CCV.V
Frúito,fɾuːjto,TRVR.TV,CCVC.CV
Fruitoso,fɾuitozo,TRV.V.TV.SV,CCV.V.CV.CV
Fugà,fugaː,TV.TV,CV.CV
Fugé,fud̠ʒeː,TV.TV,CV.CV
Fula,fula,TV.RV,CV.CV
fulè,fuleː,TV.RV,CV.CV
Fuma,fuma,TV.RV,CV.CV
Fundemento,fundemento,TVR.TV.RVR.TV,CVC.CV.CVC.CV
Fundéza,fundeːza,TVR.TV.SV,CVC.CV.CV
fundura,funduɾa,TVR.TV.RV,CVC.CV.CV
Furtéza,fuɾteːza,TVR.TV.SV,CVC.CV.CV
Furugè,fuɾud̠ʒeː,TV.RV.TV,CV.CV.CV
furuja,fuɾud̠ʒa,TV.RV.TV,CV.CV.CV
Gafinhoto,gafiɲoto,TV.TV.RV.TV,CV.CV.CV.CV
Gáilo,gaːjlo,TVR.RV,CVC.CV
Ganyà,ganʲaː,TV.RV,CV.CV
Galyardè,galʲaɾdeː,TV.RVR.TV,CV.CVC.CV
Gardá,gaɾdaː,TVR.TV,CVC.CV
Gardecé,gaɾdeseː,TVR.TV.SV,CVC.CV.CV
gardicê,gaɾdiseː,TVR.TV.SV,CVC.CV.CV
guardicé,guaɾdiseː,TV.VR.TV.SV,CV.VC.CV.CV
Gardecimento,gaɾdesimento,TVR.TV.SV.RVR.TV,CVC.CV.CV.CVC.CV
gardicemento,gaɾdisemento,TVR.TV.SV.RVR.TV,CVC.CV.CV.CVC.CV
gardiamento,gaɾdiamento,TVR.TV.V.RVR.TV,CVC.CV.V.CVC.CV
Geresan,d̠ʒeɾezan,TV.RV.SVR,CV.CV.CVC
Goldiçà,goldisaː,TVR.TV.SV,CVC.CV.CV
Gotiá,gotiaː,TV.TV.V,CV.CV.V
Gran,gɾan,TRVR,CCVC
Greja,gɾed̠ʒa,TRV.TV,CCV.CV
Grijo,gɾid̠ʒo,TRV.TV,CCV.CV
Guerrà,geraː,TV.RV,CV.CV
Harpo,aɾpo,VR.TV,VC.CV
Herdança,eɾdansa,VR.TVR.SV,VC.CVC.CV
Heregia,eɾed̠ʒia,V.RV.TV.V,V.CV.CV.V
herecia,eɾesia,V.RV.SV.V,V.CV.CV.V
Heridá,eɾidaː,V.RV.TV,V.CV.CV
Histórè,istoːɾeː,VS.TV.RV,VC.CV.CV
Hojo,od̠ʒo,V.TV,V.CV
hôjoe,oːd̠ʒoe,V.TV.V,V.CV.V
Home,ome,V.RV,V.CV
homi,omi,V.RV,V.CV
Homicido,omisido,V.RV.SV.TV,V.CV.CV.CV
Honeste,oneste,V.RVS.TV,V.CVC.CV
Humildo,umildo,V.RVR.TV,V.CVC.CV
Humildeza,umildeza,V.RVR.TV.SV,V.CVC.CV.CV
Humiliação,umiliasaːo,V.RVRV.V.SV.V,V.CVCV.V.CV.V
Idolateiro,idolateiɾo,V.TV.RV.TVG.RV,V.CV.CV.CVG.CV
idoloteiro,idoloteiɾo,V.TV.RV.TVG.RV,V.CV.CV.CVG.CV
Ilya,ilʲa,V.RV,V.CV
Imajo,imad̠ʒo,V.RV.TV,V.CV.CV
Impioso,impiozo,VR.TV.V.SV,VC.CV.V.CV
Importado,impoɾtado,VR.TVR.TV.TV,VC.CVC.CV.CV
Importança,impoɾtansa,VR.TVR.TVR.SV,VC.CVC.CVC.CV
Impressado,impɾesado,VR.TRV.SV.TV,VC.CCV.CV.CV
Impressador,impɾesadoɾ,VR.TRV.SV.TVR,VC.CCV.CV.CVC
Impuridade,impuɾidade,VR.TV.RV.TV.TV,VC.CV.CV.CV.CV
Infruitoso,infɾuitozo,VR.TRV.V.TV.SV,VC.CCV.V.CV.CV
Ingres,ingɾes,VR.TRVS,VC.CCVC
Injoelho,ind̠ʒoeʎo,VR.TV.V.RV,VC.CV.V.CV
injivelho,ind̠ʒiʋeʎo,VR.TV.TV.RV,VC.CV.CV.CV
injevejo,ind̠ʒeʋed̠ʒo,VR.TV.TV.TV,VC.CV.CV.CV
injivejo,ind̠ʒiʋed̠ʒo,VR.TV.TV.TV,VC.CV.CV.CV
Instruição,instɾuisaːo,VRS.TRV.V.SV.V,VCC.CCV.V.CV.V
Intergridade,inteɾgɾidade,VR.TVR.TRV.TV.TV,VC.CVC.CCV.CV.CV
Intrudição,intɾudisaːo,VR.TRV.TV.SV.V,VC.CCV.CV.CV.V
Inveijo,inʋeid̠ʒo,VR.TVG.TV,VC.CVG.CV
Iremão,iɾemaːo,V.RVRV.V,V.CVCV.V
Irmana,iɾmana,VR.RV.RV,VC.CV.CV
Istôri,istoːɾi,VS.TV.RV,VC.CV.CV
Jà,d̠ʒaː,TV,CV
Jàsper,d̠ʒaːspeɾ,TVS.TVR,CVC.CVC
Javi,d̠ʒaʋi,TV.TV,CV.CV
javitem,d̠ʒaʋitem,TV.TV.TVR,CV.CV.CVC
Jinjúa,d̠ʒind̠ʒuːa,TVR.TV.V,CVC.CV.V
jinúa,d̠ʒinuːa,TV.RV.V,CV.CV.V
jinjunação,d̠ʒind̠ʒunasaːo,TVR.TV.RV.SV.V,CVC.CV.CV.CV.V
Jinjuá,d̠ʒind̠ʒuaː,TVR.TV.V,CVC.CV.V
Jornado,d̠ʒoɾnado,TVR.RV.TV,CVC.CV.CV
Judá,d̠ʒudaː,TV.TV,CV.CV
judè,d̠ʒudeː,TV.TV,CV.CV
judança,d̠ʒudansa,TV.TVR.SV,CV.CVC.CV
Juntação,d̠ʒuntasaːo,TVR.TV.SV.V,CVC.CV.CV.V
Junto-servidor,d̠ʒunto seɾʋidoɾ,TVR.TV SVR.TV.TVR,CVC.CV CVC.CV.CVC
Justá,d̠ʒustaː,TVS.TV,CVC.CV
Justicia,d̠ʒustisia,TVS.TV.SV.V,CVC.CV.CV.V
Kokeira,kokeiɾa,TV.TVG.RV,CV.CVG.CV
Ladinha,ladiɲa,RV.TV.RV,CV.CV.CV
Lagárè,lagaːɾeː,RV.TV.RV,CV.CV.CV
Lágri,laːgɾi,RV.TRV,CV.CCV
láguir,laːgiɾ,RV.TVR,CV.CVC
Lampo,lampo,RVR.TV,CVC.CV
Lantá,lantaː,RVR.TV,CVC.CV
Lastimo,lastimo,RVS.TV.RV,CVC.CV.CV
Lastro,lastɾo,RVS.TRV,CVC.CCV
lástor,laːstoɾ,RVS.TVR,CVC.CVC
Lego,lego,RV.TV,CV.CV
leagou,leagou,RV.V.TVG,CV.V.CVG
Lei,lei,RVG,CVG
Lés,leːs,RVS,CVC
lez,les,RVS,CVC
leis,leis,RVGS,CVGC
Lés,leːs,RVS,CVC
Lestemente,lestemente,RVS.TV.RVR.TV,CVC.CV.CVC.CV
Léte,leːte,RV.TV,CV.CV
Levadura,leʋaduɾa,RV.TV.TV.RV,CV.CV.CV.CV
Leventà,leʋentaː,RV.TVR.TV,CV.CVC.CV
Lingo,lingo,RVR.TV,CVC.CV
Liverdade,liʋeɾdade,RV.TVR.TV.TV,CV.CVC.CV.CV
livradade,liʋɾadade,RV.TRV.TV.TV,CV.CCV.CV.CV
Livrança,liʋɾansa,RV.TRVR.SV,CV.CCVC.CV
livrancè,liʋɾanseː,RV.TRVR.SV,CV.CCVC.CV
livração,liʋɾasaːo,RV.TRV.SV.V,CV.CCV.CV.V
Ló,loː,RV,CV
Loità,lojtaː,RVR.TV,CVC.CV
Louvro,louʋɾo,RVG.TRV,CVG.CCV
Lovà,loʋaː,RV.TV,CV.CV
Lugàra,lugaːɾa,RV.TV.RV,CV.CV.CV
Iugàrè,iugaːɾeː,V.V.TV.RV,V.V.CV.CV
Iugària,iugaːɾia,V.V.TV.RV.V,V.V.CV.CV.V
Luguéra,lugeːɾa,RV.TV.RV,CV.CV.CV
Lumado,lumado,RV.RV.TV,CV.CV.CV
Luzé,luzeː,RV.SV,CV.CV
Mação,masaːo,RV.SV.V,CV.CV.V
Madergà,madeɾgaː,RV.TVR.TV,CV.CVC.CV
Magovà,magoʋaː,RV.TV.TV,CV.CV.CV
maguvà,maguʋaː,RV.TV.TV,CV.CV.CV
Mai,mai,RV.V,CV.V
Major,mad̠ʒoɾ,RV.TVR,CV.CVC
Malfetor,malfetoɾ,RVR.TV.TVR,CVC.CV.CVC
Malino,malino,RV.RVRV,CV.CVCV
Manhão,maɲaːo,RV.RV.V,CV.CV.V
Manhecé,maɲeseː,RV.RV.SV,CV.CV.CV
manecê,maneseː,RV.RV.SV,CV.CV.CV
Mára,maːɾa,RV.RV,CV.CV
marè,maɾeː,RV.RV,CV.CV
Marello,maɾelo,RV.RVRV,CV.CVCV
Marga,maɾga,RVR.TV,CVC.CV
Margôra,maɾgoːɾa,RVR.TV.RV,CVC.CV.CV
Mármor,maːɾmoɾ,RVR.RVR,CVC.CVC
màrmar,maːɾmaɾ,RVR.RVR,CVC.CVC
Martellè,maɾteleː,RVR.TV.RV,CVC.CV.CV
martél,maɾteːl,RVR.TVR,CVC.CVC
Marvioso,maɾʋiozo,RVR.TV.V.SV,CVC.CV.V.CV
Matação,matasaːo,RV.TV.SV.V,CV.CV.CV.V
matança,matansa,RV.TVR.SV,CV.CVC.CV
Medè,medeː,RV.TV,CV.CV
Meido,meido,RVG.TV,CVG.CV
Mellifluoso,melifluozo,RV.RV.TRV.V.SV,CV.CV.CCV.V.CV
Memo,memo,RV.RV,CV.CV
Méo,meːo,RV.V,CV.V
Mercê,meɾseː,RVR.SV,CVC.CV
Merecê,meɾeseː,RV.RV.SV,CV.CV.CV
Meritória,meɾitoːɾia,RV.RV.TV.RV.V,CV.CV.CV.CV.V
Mès,meːs,RVS,CVC
méis,meːjs,RVRS,CVCC
Méssa,meːsa,RV.SV,CV.CV
Messá,mesaː,RV.SV,CV.CV
Militàrio,militaːɾio,RV.RV.TV.RV.V,CV.CV.CV.CV.V
Mimôri,mimoːɾi,RV.RVRV,CV.CVCV
Ministeiro,ministeiɾo,RV.RVS.TVG.RV,CV.CVC.CVG.CV
Ministração,ministɾasaːo,RV.RVS.TRV.SV.V,CV.CVC.CCV.CV.V
Minteira,minteiɾa,RVR.TVG.RV,CVC.CVG.CV
Mira,miɾa,RV.RV,CV.CV
Misaravel,mizaɾaʋel,RV.SV.RV.TVR,CV.CV.CV.CVC
misravel,mizɾaʋel,RVS.RV.TVR,CVC.CV.CVC
Misricordia,mizɾikoɾdia,RVS.RV.TVR.TV.V,CVC.CV.CVC.CV.V
misrecordia,mizɾekoɾdia,RVS.RV.TVR.TV.V,CVC.CV.CVC.CV.V
Mistrá,mistɾaː,RVS.TRV,CVC.CCV
Moito,mojto,RVR.TV,CVC.CV
Montanho,montaɲo,RVR.TV.RV,CVC.CV.CV
Morra,mora,RV.RV,CV.CV
Mortajo,moɾtad̠ʒo,RVR.TV.TV,CVC.CV.CV
Mortià,moɾtiaː,RVR.TV.V,CVC.CV.V
Mostárdè,mostaːɾdeː,RVS.TVR.TV,CVC.CVC.CV
Mourdé,mouɾdeː,RVGR.TV,CVGC.CV
Movà,moʋaː,RV.TV,CV.CV
Muê,mueː,RV.V,CV.V
muá,muaː,RV.V,CV.V
Mudáncè,mudaːnseː,RV.TVR.SV,CV.CVC.CV
mudação,mudasaːo,RV.TV.SV.V,CV.CV.CV.V
Mudano,mudano,RV.TV.RV,CV.CV.CV
Mundoso,mundozo,RVR.TV.SV,CVC.CV.CV
Murguiá,muɾgiaː,RVR.TV.V,CVC.CV.V
Mustrà,mustɾaː,RVS.TRV,CVC.CCV
Mystéria,misteːɾia,RVS.TV.RV.V,CVC.CV.CV.V
Nan,,RVR,CVC
Navigà,naʋigaː,RV.TV.TV,CV.CV.CV
Necestade,nesestade,RV.SVS.TV.TV,CV.CVC.CV.CV
Negócia,negoːsia,RV.TV.SV.V,CV.CV.CV.V
Nistá,nistaː,RVS.TV,CVC.CV
Nistade,nistade,RVS.TV.TV,CVC.CV.CV
Nó,noː,RV,CV
nuó,nuoː,RV.V,CV.V
Nóber,noːbeɾ,RV.TVR,CV.CVC
Nocente,nosente,RV.SVR.TV,CV.CVC.CV
nocenti,nosenti,RV.SVR.TV,CV.CVC.CV
Nogo,nogo,RV.TV,CV.CV
Nonca,nonka,RVR.TV,CVC.CV
nonco,nonko,RVR.TV,CVC.CV
nuca,nuka,RV.TV,CV.CV
núcu,nuːku,RV.TV,CV.CV
Nono,nono,RV.RV,CV.CV
Nóvis,noːʋis,RV.TVS,CV.CVC
Num,num,RVR,CVC
nun,nun,RVR,CVC
Nunca,nunka,RVR.TV,CVC.CV
nunco,nunko,RVR.TV,CVC.CV
Nuvè,nuʋeː,RV.TV,CV.CV
Ô,oː,V,V
Obedicé,obediseː,V.TV.TV.SV,V.CV.CV.CV
obdecé,obdeseː,V.T.TV.SV,V.C.CV.CV
Obre,obɾe,V.TRV,V.CCV
óber,oːbeɾ,V.TVR,V.CVC
Obração,obɾasaːo,V.TRV.SV.V,V.CCV.CV.V
Obrigacè,obɾigaseː,V.TRV.TV.SV,V.CCV.CV.CV
Ódia,oːdia,V.TV.V,V.CV.V
Offercé,ofeɾseː,V.TVR.SV,V.CVC.CV
Offercimento,ofeɾsimento,V.TVR.SV.RVR.TV,V.CVC.CV.CVC.CV
offeração,ofeɾasaːo,V.TV.RV.SV.V,V.CV.CV.CV.V
offerça,ofeɾsa,V.TVR.SV,V.CVC.CV
offerço,ofeɾso,V.TVR.SV,V.CVC.CV
Olyo,olʲo,V.RV,V.CV
Ontà,ontaː,VR.TV,VC.CV
Onte,onte,VR.TV,VC.CV
ónti,oːnti,VR.TV,VC.CV
ónta,oːnta,VR.TV,VC.CV
Oratória,oɾatoːɾia,V.RV.TV.RV.V,V.CV.CV.CV.V
Ordinà,oɾdinaː,VR.TV.RV,VC.CV.CV
Ortelão,oɾtelaːo,VR.TV.RV.V,VC.CV.CV.V
Orvai,oɾʋai,VR.TV.V,VC.CV.V
oravai,oɾaʋai,V.RV.TV.V,V.CV.CV.V
Otro,otɾo,V.TRV,V.CCV
outrè,outɾeː,VG.TRV,VG.CCV
Oura,ouɾa,VG.RV,VG.CV
óru,oːɾu,V.RV,V.CV
Ouvida,ouʋida,VG.TV.TV,VG.CV.CV
ovido,oʋido,V.TV.TV,V.CV.CV
ovida,oʋida,V.TV.TV,V.CV.CV
Ovelho,oʋeʎo,V.TV.RV,V.CV.CV
Padaço,padaso,TV.TV.SV,CV.CV.CV
padas,padas,TV.TVS,CV.CVC
padaz,padas,TV.TVS,CV.CVC
Padicé,padiseː,TV.TV.SV,CV.CV.CV
Palàver,palaːʋeɾ,TV.RV.TVR,CV.CV.CVC
pàlver,paːlʋeɾ,TVR.TVR,CVC.CVC
pàlvra,paːlʋɾa,TVR.TRV,CVC.CCV
Pamperlão,pampeɾlaːo,TVR.TVR.RV.V,CVC.CVC.CV.V
Pan,pan,TVR,CVC
Pancádè,pankaːdeː,TVR.TV.TV,CVC.CV.CV
pancado,pankado,TVR.TV.TV,CVC.CV.CV
Panhà,paɲaː,TV.RV,CV.CV
Papiá,papiaː,TV.TV.V,CV.CV.V
Par,paɾ,TVR,CVC
Parçaria,paɾsaɾia,TVR.SV.RV.V,CVC.CV.CV.V
Paridura,paɾiduɾa,TV.RV.TV.RV,CV.CV.CV.CV
Parentesca,paɾenteska,TV.RVR.TVS.TV,CV.CVC.CVC.CV
Parpora,paɾpoɾa,TVR.TV.RV,CVC.CV.CV
Parque,paɾke,TVR.TV,CVC.CV
parqui,paɾki,TVR.TV,CVC.CV
Pàrtei,paːɾtei,TVR.TVG,CVC.CVG
Paçá,pasaː,TV.SV,CV.CV
Pascencia,pasensia,TV.SVR.SV.V,CV.CVC.CV.V
Pastempo,pastempo,TVS.TVR.TV,CVC.CVC.CV
Pateca,pateka,TV.TV.TV,CV.CV.CV
Pavi,paʋi,TV.TV,CV.CV
Péci,peːsi,TV.SV,CV.CV
pési,peːzi,TV.SV,CV.CV
Pedrejà,pedɾed̠ʒaː,TV.TRV.TV,CV.CCV.CV
pedreyà,pedɾejaː,TV.TRV.RV,CV.CCV.CV
pedriá,pedɾiaː,TV.TRV.V,CV.CCV.V
Pei,pei,TVG,CVG
Péli,peːli,TV.RV,CV.CV
Pelo,pelo,TV.RV,CV.CV
Pelour,pelouɾ,TV.RVGR,CV.CVGC
Penerá,peneɾaː,TV.RVRV,CV.CVCV
Pequinino,pekinino,TV.TV.RVRV,CV.CV.CVCV
Perdá,peɾdaː,TVR.TV,CVC.CV
Perdovà,peɾdoʋaː,TVR.TV.TV,CVC.CV.CV
Perfeitado,peɾfeitado,TVR.TVG.TV.TV,CVC.CVG.CV.CV
Perigreneção,peɾigɾenesaːo,TV.RV.TRV.RV.SV.V,CV.CV.CCV.CV.CV.V
Perla,peɾla,TVR.RV,CVC.CV
Permittá,peɾmitːaː,TVR.RV.TV,CVC.CV.CV
Perseguaição,peɾseguaisaːo,TVR.SV.TV.VG.SV.V,CVC.CV.CV.VG.CV.V
Persuaidir,peɾsuaidiɾ,TVR.SV.VG.TVR,CVC.CV.VG.CVC
Pertruvà,peɾtɾuʋaː,TVR.TRV.TV,CVC.CCV.CV
Pessõa,pesoːa,TV.SV.V,CV.CV.V
peason,peazon,TV.V.SVR,CV.V.CVC
pessão,pesaːo,TV.SV.V,CV.CV.V
pessan,pesan,TV.SVR,CV.CVC
Péstia,peːstia,TVS.TV.V,CVC.CV.V
Péto,peːto,TV.TV,CV.CV
Piadade,piadade,TV.V.TV.TV,CV.V.CV.CV
Piadoso,piadozo,TV.V.TV.SV,CV.V.CV.CV
pidoso,pidozo,TV.TV.SV,CV.CV.CV
Pidé,pideː,TV.TV,CV.CV
Pindurá,pinduɾaː,TVR.TV.RV,CVC.CV.CV
Pindrado,pindɾado,TVR.TRV.TV,CVC.CCV.CV
Pinhor,piɲoɾ,TV.RVR,CV.CVC
Pirigo,piɾigo,TV.RV.TV,CV.CV.CV
Piregoso,piɾegozo,TV.RV.TV.SV,CV.CV.CV.CV
Piscôs,piskoːs,TVS.TVS,CVC.CVC
Plaga,plaga,TRV.TV,CCV.CV
plágu,plaːgu,TRV.TV,CCV.CV
Plan,plan,TRVR,CCVC
Plánchè,plaːnt̠ʃeː,TRVR.TV,CCVC.CV
Planétè,planeːteː,TRV.RV.TV,CCV.CV.CV
Plenidão,plenidaːo,TRV.RV.TV.V,CCV.CV.CV.V
Póco,poːko,TV.TV,CV.CV
Podéra,podeːɾa,TV.TV.RV,CV.CV.CV
Pódeser,poːdezeɾ,TV.TV.SVR,CV.CV.CVC
pódiser,poːdizeɾ,TV.TV.SVR,CV.CV.CVC
Po'e,poəe,TV.VV,CV.VV
poi,poj,TVR,CVC
Porcadade,poɾkadade,TVR.TV.TV.TV,CVC.CV.CV.CV
Possebé,posebeː,TV.SV.TV,CV.CV.CV
possibé,posibeː,TV.SV.TV,CV.CV.CV
pos-suibé,pos suibeː,TVS SV.V.TV,CVC CV.V.CV
Póssia,poːsia,TV.SV.V,CV.CV.V
Pouches,pout̠ʃes,TVG.TVS,CVG.CVC
póuchis,poːut̠ʃis,TV.V.TVS,CV.V.CVC
Povoção,poʋosaːo,TV.TV.SV.V,CV.CV.CV.V
povesan,poʋezan,TV.TV.SVR,CV.CV.CVC
Prandè,pɾandeː,TRVR.TV,CCVC.CV
Pranta,pɾanta,TRVR.TV,CCVC.CV
Prato,pɾato,TRV.TV,CCV.CV
Prazero,pɾazeɾo,TRV.SV.RV,CCV.CV.CV
prazeiro,pɾazeiɾo,TRV.SVG.RV,CCV.CVG.CV
Prendé,pɾendeː,TRVR.TV,CCVC.CV
prendá,pɾendaː,TRVR.TV,CCVC.CV
prandé,pɾandeː,TRVR.TV,CCVC.CV
Prendo,pɾendo,TRVR.TV,CCVC.CV
prendá,pɾendaː,TRVR.TV,CCVC.CV
Prénha,pɾeːɲa,TRV.RV,CCV.CV
prenhe,pɾeɲe,TRV.RV,CCV.CV
Prensa,pɾensa,TRVR.SV,CCVC.CV
prenso,pɾenso,TRVR.SV,CCVC.CV
Presa,pɾeza,TRV.SV,CCV.CV
Preso-casa,pɾezo kaza,TRV.SV TV.SV,CCV.CV CV.CV
Preséncia,pɾezeːnsia,TRV.SVR.SV.V,CCV.CVC.CV.V
presènci,pɾezeːnsi,TRV.SVR.SV,CCV.CVC.CV
Preso,pɾezo,TRV.SV,CCV.CV
prezo,pɾezo,TRV.SV,CCV.CV
Primeté,pɾimeteː,TRV.RV.TV,CCV.CV.CV
primité,pɾimiteː,TRV.RV.TV,CCV.CV.CV
primitá,pɾimitaː,TRV.RV.TV,CCV.CV.CV
Premitido,pɾemitido,TRV.RV.TV.TV,CCV.CV.CV.CV
Princézè,pɾinseːzeː,TRVR.SV.SV,CCVC.CV.CV
Principalidado,pɾinsipalidado,TRVR.SV.TV.RV.TV.TV,CCVC.CV.CV.CV.CV.CV
Prinspo,pɾinspo,TRVRS.TV,CCVCC.CV
prenspo,pɾenspo,TRVRS.TV,CCVCC.CV
Privilézia,pɾiʋileːzia,TRV.TV.RV.SV.V,CCV.CV.CV.CV.V
privilézè,pɾiʋileːzeː,TRV.TV.RV.SV,CCV.CV.CV.CV
Professão,pɾofesaːo,TRV.TV.SV.V,CCV.CV.CV.V
Profundura,pɾofunduɾa,TRV.TVR.TV.RV,CCV.CVC.CV.CV
Propheciá,pɾofesiaː,TRV.TV.SV.V,CCV.CV.CV.V
Propheto,pɾofeto,TRV.TV.TV,CCV.CV.CV
Própi,pɾoːpi,TRV.TV,CCV.CV
Prósimo,pɾoːzimo,TRV.SV.RV,CCV.CV.CV
prózimo,pɾoːzimo,TRV.SV.RV,CCV.CV.CV
prosmo,pɾozmo,TRVS.RV,CCVC.CV
prósmi,pɾoːzmi,TRVS.RV,CCVC.CV
Provéita,pɾoʋeːjta,TRV.TVR.TV,CCV.CVC.CV
Proveitá,pɾoʋeitaː,TRV.TVG.TV,CCV.CVG.CV
pruveitá,pɾuʋeitaː,TRV.TVG.TV,CCV.CVG.CV
Pruffia,pɾufia,TRV.TV.V,CCV.CV.V
profia,pɾofia,TRV.TV.V,CCV.CV.V
Prugunta,pɾugunta,TRV.TVR.TV,CCV.CVC.CV
prunta,pɾunta,TRVR.TV,CCVC.CV
pruntè,pɾunteː,TRVR.TV,CCVC.CV
prunto,pɾunto,TRVR.TV,CCVC.CV
Pruvá,pɾuʋaː,TRV.TV,CCV.CV
prouvá,pɾouʋaː,TRVG.TV,CCVG.CV
Puçá,pusaː,TV.SV,CV.CV
pusá,puzaː,TV.SV,CV.CV
Quadrilla,kuadɾila,TV.V.TRV.RV,CV.V.CCV.CV
Quártrimo,kuaːɾtɾimo,TV.VR.TRV.RV,CV.VC.CCV.CV
Quátor,kuaːtoɾ,TV.V.TVR,CV.V.CVC
Quem,kem,TVR,CVC
Quemadura,kemaduɾa,TV.RV.TV.RV,CV.CV.CV.CV
Quenhão,keɲaːo,TV.RV.V,CV.CV.V
quinha,kiɲa,TV.RV,CV.CV
Querré,kereː,TV.RV,CV.CV
Querendomente,keɾendomente,TV.RVR.TV.RVR.TV,CV.CVC.CV.CVC.CV
querandomente,keɾandomente,TV.RVR.TV.RVR.TV,CV.CVC.CV.CVC.CV
Querer,keɾeɾ,TV.RVR,CV.CVC
queria,keɾia,TV.RV.V,CV.CV.V
querria,keria,TV.RV.V,CV.CV.V
Quessador,kesadoɾ,TV.SV.TVR,CV.CV.CVC
Quetanto,ketanto,TV.TVR.TV,CV.CVC.CV
qutanto,kutanto,TV.TVR.TV,CV.CVC.CV
Quorenta,kuoɾenta,TV.V.RVR.TV,CV.V.CVC.CV
Rancá,rankaː,RVR.TV,CVC.CV
ranchá,rant̠ʃaː,RVR.TV,CVC.CV
Rastá,rastaː,RVS.TV,CVC.CV
Rebeldo,rebeldo,RV.TVR.TV,CV.CVC.CV
Rebelloso,rebelozo,RV.TV.RV.SV,CV.CV.CV.CV
Recia,resia,RV.SV.V,CV.CV.V
Reciá,resiaː,RV.SV.V,CV.CV.V
Recompensão,rekompensaːo,RV.TVR.TVR.SV.V,CV.CVC.CVC.CV.V
Redá,redaː,RV.TV,CV.CV
Refença,refensa,RV.TVR.SV,CV.CVC.CV
refencia,refensia,RV.TVR.SV.V,CV.CVC.CV.V
Refujo,refud̠ʒo,RV.TV.TV,CV.CV.CV
Registração,red̠ʒistɾasaːo,RV.TVS.TRV.SV.V,CV.CVC.CCV.CV.V
Regolá,regolaː,RV.TV.RV,CV.CV.CV
Rendá,rendaː,RVR.TV,CVC.CV
Rependimento,rependimento,RV.TVR.TV.RVR.TV,CV.CVC.CV.CVC.CV
Repentação,repentasaːo,RV.TVR.TV.SV.V,CV.CVC.CV.CV.V
Repostá,repostaː,RV.TVS.TV,CV.CVC.CV
Reprende,repɾende,RV.TRVR.TV,CV.CCVC.CV
Requedação,rekedasaːo,RV.TV.TV.SV.V,CV.CV.CV.CV.V
Resgueto,rezgeto,RVS.TV.TV,CVC.CV.CV
Resolvá,rezolʋaː,RV.SVR.TV,CV.CVC.CV
Respeitado,respeitado,RVS.TVG.TV.TV,CVC.CVG.CV.CV
Respéto,respeːto,RVS.TV.TV,CVC.CV.CV
Responsibilidade,responsibilidade,RVS.TVR.SV.TV.RV.TV.TV,CVC.CVC.CV.CV.CV.CV.CV
Restanto,restanto,RVS.TVR.TV,CVC.CVC.CV
Rexinol,reʃinol,RV.TV.RVR,CV.CV.CVC
Rezão,rezaːo,RV.SV.V,CV.CV.V
rezan,rezan,RV.SVR,CV.CVC
Revolá,reʋolaː,RV.TV.RV,CV.CV.CV
Riu,riu,RV.V,CV.V
Róla,roːla,RV.RV,CV.CV
Rompá,rompaː,RVR.TV,CVC.CV
Ronchà,ront̠ʃaː,RVR.TV,CVC.CV
Rubá,rubaː,RV.TV,CV.CV
Rudela,rudela,RV.TV.RV,CV.CV.CV
Ruino,ruino,RV.V.RV,CV.V.CV
ruvína,ruʋiːna,RV.TV.RV,CV.CV.CV
ruvinação,ruʋinasaːo,RV.TV.RV.SV.V,CV.CV.CV.CV.V
Ruiná,ruinaː,RV.V.RV,CV.V.CV
ruviná,ruʋinaː,RV.TV.RV,CV.CV.CV
Rumpé,rumpeː,RVR.TV,CVC.CV
Ruva,ruʋa,RV.TV,CV.CV
Saberoso,sabeɾozo,SV.TV.RV.SV,CV.CV.CV.CV
sabaroso,sabaɾozo,SV.TV.RV.SV,CV.CV.CV.CV
sabroso,sabɾozo,SV.TRV.SV,CV.CCV.CV
Sahinho,saiɲo,SV.V.RV,CV.V.CV
Salutação,salutasaːo,SV.RV.TV.SV.V,CV.CV.CV.CV.V
Sandê,sandeː,SVR.TV,CVC.CV
sandà,sandaː,SVR.TV,CVC.CV
Santildade,santildade,SVR.TVR.TV.TV,CVC.CVC.CV.CV
Sará,saɾaː,SV.RV,CV.CV
Sarado,saɾado,SV.RV.TV,CV.CV.CV
Satisfazido,satisfazido,SV.TVS.TV.SV.TV,CV.CVC.CV.CV.CV
Saudição,saudisaːo,SVG.TV.SV.V,CVG.CV.CV.V
Saúdo,sauːdo,SVG.TV,CVG.CV
saudo-dia,saudo dia,SVG.TV TV.V,CVG.CV CV.V
Seguente,segente,SV.TVR.TV,CV.CVC.CV
segunte,segunte,SV.TVR.TV,CV.CVC.CV
Seguindo,segindo,SV.TVR.TV,CV.CVC.CV
Seguradomente,seguɾadomente,SV.TV.RV.TV.RVR.TV,CV.CV.CV.CV.CVC.CV
Seisenta,seizenta,SVG.SVR.TV,CVG.CVC.CV
Seite,seite,SVG.TV,CVG.CV
Semalhança,semaʎansa,SV.RVRVR.SV,CV.CVCVC.CV
semeIhancè,semeianseː,SV.RVG.VR.SV,CV.CVG.VC.CV
Sementria,sementɾia,SV.RVR.TRV.V,CV.CVC.CCV.V
Sen,sen,SVR,CVC
Senan,senan,SV.RVR,CV.CVC
Senhoris,seɲoɾis,SV.RVRVS,CV.CVCVC
Sentencia,sentensia,SVR.TVR.SV.V,CVC.CVC.CV.V
Seperá,sepeɾaː,SV.TV.RV,CV.CV.CV
Separação,sepaɾasaːo,SV.TV.RV.SV.V,CV.CV.CV.CV.V
Serioso,seɾiozo,SV.RV.V.SV,CV.CV.V.CV
Sés,seːs,SVS,CVC
Seve,seʋe,SV.TV,CV.CV
Simiá,simiaː,SV.RV.V,CV.CV.V
Simple,simple,SVR.TRV,CVC.CCV
simplo,simplo,SVR.TRV,CVC.CCV
Sinhárè,siɲaːɾeː,SV.RVRV,CV.CVCV
Sinté,sinteː,SVR.TV,CVC.CV
Siome,siome,SV.V.RV,CV.V.CV
Sistê,sisteː,SVS.TV,CVC.CV
Sóbri,soːbɾi,SV.TRV,CV.CCV
sóber,soːbeɾ,SV.TVR,CV.CVC
Sociadade,sosiadade,SV.SV.V.TV.TV,CV.CV.V.CV.CV
Socorá,sokoɾaː,SV.TV.RV,CV.CV.CV
Soitâ,sojtaː,SVR.TV,CVC.CV
Solemno,solemno,SV.RVR.RV,CV.CVC.CV
Sombrè,sombɾeː,SVR.TRV,CVC.CCV
sómber,soːmbeɾ,SVR.TVR,CVC.CVC
Sonento,sonento,SV.RVR.TV,CV.CVC.CV
Subê,subeː,SV.TV,CV.CV
soubê,soubeː,SVG.TV,CVG.CV
Subiá,subiaː,SV.TV.V,CV.CV.V
Subtomente,subtomente,SV.T.TV.RVR.TV,CV.C.CV.CVC.CV
Súcar,suːkaɾ,SV.TVR,CV.CVC
Suffri,sufɾi,SV.TRV,CV.CCV
Suffrador,sufɾadoɾ,SV.TRV.TVR,CV.CCV.CVC
Sujaza,sud̠ʒaza,SV.TV.SV,CV.CV.CV
Sumana,sumana,SV.RVRV,CV.CVCV
sumanè,sumaneː,SV.RVRV,CV.CVCV
Superemo,supeɾemo,SV.TV.RVRV,CV.CV.CVCV
Susaso,suzazo,SV.SV.SV,CV.CV.CV
Suspira,suspiɾa,SVS.TV.RV,CVC.CV.CV
Suvà,suʋaː,SV.TV,CV.CV
Telegramo,telegɾamo,TV.RV.TRV.RV,CV.CV.CCV.CV
Telhada,teʎada,TV.RV.TV,CV.CV.CV
Temaro,temaɾo,TV.RVRV,CV.CVCV
Tenro,tenɾo,TVR.RV,CVC.CV
Terivel,teɾiʋel,TV.RV.TVR,CV.CV.CVC
Tirnia,tiɾnia,TVR.RV.V,CVC.CV.V
Tirrá,tiraː,TV.RV,CV.CV
Topàz,topaːs,TV.TVS,CV.CVC
Tortil,toɾtil,TVR.TVR,CVC.CVC
Torno,toɾno,TVR.RV,CVC.CV
Traducê,tɾaduseː,TRV.TV.SV,CCV.CV.CV
Trahido,tɾaido,TRV.V.TV,CCV.V.CV
Transgressá,tɾanzgɾesaː,TRVRS.TRV.SV,CCVCC.CCV.CV
Trapá,tɾapaː,TRV.TV,CCV.CV
Travelho,tɾaʋeʎo,TRV.TV.RV,CCV.CV.CV
travajo,tɾaʋad̠ʒo,TRV.TV.TV,CCV.CV.CV
travai,tɾaʋai,TRV.TV.V,CCV.CV.V
travia,tɾaʋia,TRV.TV.V,CCV.CV.V
Travalhá,tɾaʋaʎaː,TRV.TV.RV,CCV.CV.CV
travalyá,tɾaʋalʲaː,TRV.TV.RV,CCV.CV.CV
travejá,tɾaʋed̠ʒaː,TRV.TV.TV,CCV.CV.CV
traveliá,tɾaʋeliaː,TRV.TV.RV.V,CCV.CV.CV.V
traviá,tɾaʋiaː,TRV.TV.V,CCV.CV.V
Trémè,tɾeːmeː,TRV.RV,CCV.CV
Trevessado,tɾeʋesado,TRV.TV.SV.TV,CCV.CV.CV.CV
trevesado,tɾeʋezado,TRV.TV.SV.TV,CCV.CV.CV.CV
arrevezado,areʋezado,V.RV.TV.SV.TV,V.CV.CV.CV.CV
Tribulá,tɾibulaː,TRV.TV.RV,CCV.CV.CV
Trimi,tɾimi,TRV.RV,CCV.CV
Trinidade,tɾinidade,TRV.RV.TV.TV,CCV.CV.CV.CV
Trintè,tɾinteː,TRVR.TV,CCVC.CV
Triómpha,tɾioːmfa,TRV.VR.TV,CCV.VC.CV
Triompliante,tɾiompliante,TRV.VR.TRV.VR.TV,CCV.VC.CCV.VC.CV
Tristézè,tɾisteːzeː,TRVS.TV.SV,CCVC.CV.CV
Trova,tɾoʋa,TRV.TV,CCV.CV
truvá,tɾuʋaː,TRV.TV,CCV.CV
Trocamento,tɾokamento,TRV.TV.RVR.TV,CCV.CV.CVC.CV
Trombeto,tɾombeto,TRVR.TV.TV,CCVC.CV.CV
trumbetè,tɾumbeteː,TRVR.TV.TV,CCVC.CV.CV
Trusamento,tɾuzamento,TRV.SV.RVR.TV,CCV.CV.CVC.CV
Ungiá,und̠ʒiaː,VR.TV.V,VC.CV.V
Urvis,uɾʋis,VR.TVS,VC.CVC
Vadade,ʋadade,TV.TV.TV,CV.CV.CV
Valante,ʋalante,TV.RVR.TV,CV.CVC.CV
Valiá,ʋaliaː,TV.RV.V,CV.CV.V
Vanda,ʋanda,TVR.TV,CVC.CV
Vatti,ʋatːi,TV.TV,CV.CV
Vença,ʋensa,TVR.SV,CVC.CV
vencà,ʋenkaː,TVR.TV,CVC.CV
Verdedeiro,ʋeɾdedeiɾo,TVR.TV.TVG.RV,CVC.CV.CVG.CV
Vésper,ʋeːspeɾ,TVS.TVR,CVC.CVC
Vido,ʋido,TV.TV,CV.CV
Vigári,ʋigaːɾi,TV.TV.RV,CV.CV.CV
Vigil,ʋid̠ʒil,TV.TVR,CV.CVC
Vin',ʋinə,TV.RV,CV.CV
Vindo,ʋindo,TVR.TV,CVC.CV
Vintôrè,ʋintoːɾeː,TVR.TV.RV,CVC.CV.CV
Vinteroso,ʋinteɾozo,TVR.TV.RV.SV,CVC.CV.CV.CV
vintroso,ʋintɾozo,TVR.TRV.SV,CVC.CCV.CV
Virrá,ʋiraː,TV.RV,CV.CV
Vistê,ʋisteː,TVS.TV,CVC.CV
vistá,ʋistaː,TVS.TV,CVC.CV
Vizia,ʋizia,TV.SV.V,CV.CV.V
Viziá,ʋiziaː,TV.SV.V,CV.CV.V
