SriLanka_creole,Portuguese_definition,Portuguese_IPA,phono_CV
Abaço,abaixo,ɐ.ˈbaj.ʃu,V.CVC.CV
Aberçà,abraçar,ɐ.bɾɐ.ˈsaɾ,V.CCV.CVC
abersà,abraçar,ɐ.bɾɐ.ˈsaɾ,V.CCV.CVC
aburçá,abraçar,ɐ.bɾɐ.ˈsaɾ,V.CCV.CVC
Aburcé,aborrecer,ɐ.bu.Rɨ.ˈseɾ,V.CV.CV.CVC
Aborcido,aborrecido,ɐ.bu.Rɨ.ˈsi.du,V.CV.CV.CV.CV
Absença,ausência,aw.ˈzẽ.sjɐ,VG.CV.CCV
Acá,cá,ˈka,CV
Açorague,açougue,ɐ.ˈsow.ɡɨ,V.CVG.CV
Adéo,adeus,ɐ.ˈdewʃ,V.CVGC
Adiôto,douto,ˈdow.tu,CVG.CV
Adultéria,adultério,ɐ.duɫ.tˈɛ.ɾi.u,V.CVC.CV.CV.V
adulteração,adultério,ɐ.duɫ.tˈɛ.ɾi.u,V.CVC.CV.CV.V
Affeçan,afeição,ɐ.fɐj.ˈsɐ̃w̃,V.CVC.CVG
Ágô,água,a.gwɐ,V.CV.V
Agradado,agradável,ɐ.ɡɾɐ.ˈda.vɛɫ,V.CCV.CV.CVC
Aguá,voar,ˈvwaɾ,CV.VC
aguvá,voar,ˈvwaɾ,CV.VC
Aindè,ainda,ɐ.ˈĩ.dɐ,V.VC.CV
Albre,árvore,ˈaɾ.vu.ɾɨ,VC.CV.CV
àlbri,árvore,ˈaɾ.vu.ɾɨ,VC.CV.CV
àlbir,árvore,ˈaɾ.vu.ɾɨ,VC.CV.CV
Aldia,aldeia,aɫ.ˈdɐj.ɐ,VC.CVC.V
Alegrado,alegre,ɐ.ˈlɛ.ɡɾɨ,V.CV.CCV
Alegroso,alegre,ɐ.ˈlɛ.ɡɾɨ,V.CV.CCV
Alfada,almofada,aɫ.mu.ˈfa.dɐ,VC.CV.CV.CV
Alfàndago,alfândega,aɫ.ˈfɐ̃.dɨ.ɡɐ,VC.CV.CV.CV
Alfiato,alfaiate,aɫ.fɐj.ˈa.tɨ,VC.CVC.V.CV
Alhuma,alguém,aɫ.ˈɡɐ̃j̃,VC.CVC
Allagre,alegre,ɐ.ˈlɛ.ɡɾɨ,V.CV.CCV
allagroso,alegre,ɐ.ˈlɛ.ɡɾɨ,V.CV.CCV
allegrioso,alegre,ɐ.ˈlɛ.ɡɾɨ,V.CV.CCV
Allagria,alegria,ɐ.lɨ.ˈɡɾi.ɐ,V.CV.CCV.V
allegri,alegria,ɐ.lɨ.ˈɡɾi.ɐ,V.CV.CCV.V
Almári,armário,ɐɾ.ˈma.ɾju,VC.CV.CCV
Almazem,armazém,ɐɾ.mɐ.ˈʒɐ̃j̃,VC.CV.CVC
Almóça,almoço,aɫ.ˈmo.su,VC.CV.CV
Alumado,aluado,ɐ.ˈlwa.du,V.CV.V.CV
Aluminá,iluminar,i.lu.mi.ˈnaɾ,V.CV.CV.CVC
Alverção,aversão,ɐ.vɨɾ.ˈsɐ̃w̃,V.CVC.CVG
Alvorsà,alvoroçar,aɫ.vu.ɾu.ˈsaɾ,VC.CV.CV.CVC
alversá,alvoroçar,aɫ.vu.ɾu.ˈsaɾ,VC.CV.CV.CVC
Alvoroção,alvoroço,aɫ.vu.ˈɾo.su,VC.CV.CV.CV
alvroço,alvoroço,aɫ.vu.ˈɾo.su,VC.CV.CV.CV
Amanhão,amanhã,a.mɐ.ˈɲɐ̃,V.CV.CV
aminhão,amanhã,a.mɐ.ˈɲɐ̃,V.CV.CV
amião,amanhã,a.mɐ.ˈɲɐ̃,V.CV.CV
amiam,amanhã,a.mɐ.ˈɲɐ̃,V.CV.CV
Amaroso,amoroso,ɐ.mu.ˈɾo.zu,V.CV.CV.CV
ameroso,amoroso,ɐ.mu.ˈɾo.zu,V.CV.CV.CV
amoro,amoroso,ɐ.mu.ˈɾo.zu,V.CV.CV.CV
Amiçan,ambição,ɐ̃.bi.ˈsɐ̃w̃,V.CV.CVG
Ampér,amparo,ɐ̃.ˈpa.ɾu,V.CV.CV
Anela,anel,ɐ.ˈnɛɫ,V.CVC
Anima,ânimo,ˈɐ.ni.mu,V.CV.CV
Ankerà,ancorar,ɐ̃.ku.ˈɾaɾ,V.CV.CVC
ancrà,ancorar,ɐ̃.ku.ˈɾaɾ,V.CV.CVC
Apinhá,apanhar,ɐ.pɐ.ˈɲaɾ,V.CV.CVC
Aquél,aquilo,ɐ.ˈki.lu,V.CV.CV
aquelle,aquilo,ɐ.ˈki.lu,V.CV.CV
Ária,areia,ɐ.ˈɾɐj.ɐ,V.CVC.V
Arià,variar,vɐ.ˈɾi.aɾ,CV.CV.VC
Aros,arroz,ɐ.ˈʁoʃ,V.CVC
Artifiço,artifício,ɐɾ.ti.ˈfi.sju,VC.CV.CV.CCV
Ásper,áspero,ˈaʃ.pɨ.ɾu,VC.CV.CV
Asperdade,aspereza,ɐʃ.pɨ.ˈɾe.zɐ,VC.CV.CV.CV
Assitanto,tanto,ˈtɐ̃.tu,CV.CV
astanto,tanto,ˈtɐ̃.tu,CV.CV
Assino,assinatura,ɐ.si.nɐ.ˈtu.ɾɐ,V.CV.CV.CV.CV
Assofran,açafrão,ɐ.sɐ.ˈfɾɐ̃w̃,V.CV.CCVG
Atà,até,ɐ.ˈtɛ,V.CV
Atarde,tarde,ˈtaɾ.dɨ,CVC.CV
Atchà,achar,ɐ.ˈʃaɾ,V.CVC
Atramento,atrevimento,ɐ.tɾɨ.vi.ˈmẽ.tu,V.CCV.CV.CV.CV
Attermesan,altercação,aɫ.tɨɾ.kɐ.ˈsɐ̃w̃,VC.CVC.CV.CVG
Audénci,audiência,aw.ˈdjẽ.sjɐ,VG.CCV.CCV
Audia,audácia,aw.ˈda.sjɐ,VG.CV.CCV
Avantagem,vantagem,vɐ̃.ˈta.ʒɐ̃j̃,CV.CV.CVC
Avelho,abelha,ɐ.ˈbɐj.ʎɐ,V.CVC.CV
Avená,abanar,ɐ.bɐ.ˈnaɾ,V.CV.CVC
Avoà,voar,ˈvwaɾ,CV.VC
Azéte,azeite,ɐ.ˈzɐj.tɨ,V.CVC.CV
aziete,azeite,ɐ.ˈzɐj.tɨ,V.CVC.CV
Baclà,batalhar,bɐ.tɐ.ˈʎaɾ,CV.CV.CVC
Bailo,baile,ˈbaj.lɨ,CVC.CV
Basséza,baixeza,baj.ˈʃe.zɐ,CVC.CV.CV
Bandeya,bandeja,bɐ̃.ˈdɐj.ʒɐ,CV.CVC.CV
Barrato,barato,bɐ.ˈɾa.tu,CV.CV.CV
Barrê,varrer,vɐ.ˈReɾ,CV.CVC
Batrai,bateria,bɐ.tɨ.ˈɾi.ɐ,CV.CV.CV.V
Battà,bater,bɐ.ˈteɾ,CV.CVC
Battalho,batalha,bɐ.ˈta.ʎɐ,CV.CV.CV
Bautizá,batizar,ba.ti.ˈzaɾ,CV.CV.CVC
Beberão,beberrão,bɨ.bɨ.ˈRɐ̃w̃,CV.CV.CVG
babarão,beberrão,bɨ.bɨ.ˈRɐ̃w̃,CV.CV.CVG
bebrão,beberrão,bɨ.bɨ.ˈRɐ̃w̃,CV.CV.CVG
Béço,beiço,ˈbɐj.su,CVC.CV
Bença,bênção,ˈbẽ.swɐ̃w̃,CV.CV.VG
bencè,bênção,ˈbẽ.swɐ̃w̃,CV.CV.VG
Bendição,bênção,ˈbẽ.swɐ̃w̃,CV.CV.VG
Beneficaçan,benefício,bɨ.nɨ.ˈfi.sju,CV.CV.CV.CCV
Bénza,bênção,ˈbẽ.swɐ̃w̃,CV.CV.VG
bénzè,bênção,ˈbẽ.swɐ̃w̃,CV.CV.VG
Bijá,beijar,bɐj.ˈʒaɾ,CVC.CVC
Bisiga,bexiga,bɨ.ˈʃi.ɡɐ,CV.CV.CV
Blasphemoso,blasfemo,blɐʃ.ˈfe.mu,CCVC.CV.CV
Bõa,boa,ˈbo.ɐ,CV.V
Bocadè,bocado,bu.ˈka.du,CV.CV.CV
Bom,bem,bɐ̃j̃,CVC
Bordè,borda,ˈbɔɾ.dɐ,CVC.CV
Bordiá,bordar,buɾ.ˈdaɾ,CVC.CVC
Borrecido,aborrecido,ɐ.bu.Rɨ.ˈsi.du,V.CV.CV.CV.CV
Boutic,botica,bu.ˈti.kɐ,CV.CV.CV
Branca,branquear,bɾɐ̃.ˈki.aɾ,CCV.CV.VC
Branda,abrandar,ɐ.bɾɐ̃.ˈdaɾ,V.CCV.CVC
Branquéza,brancura,bɾɐ̃.ˈku.ɾɐ,CCV.CV.CV
Brazá,abrasar,ɐ.bɾɐ.ˈzaɾ,V.CCV.CVC
Bremellio,vermelho,vɨɾ.ˈmɐj.ʎu,CVC.CVC.CV
brimellio,vermelho,vɨɾ.ˈmɐj.ʎu,CVC.CVC.CV
brimalho,vermelho,vɨɾ.ˈmɐj.ʎu,CVC.CVC.CV
brimejo,vermelho,vɨɾ.ˈmɐj.ʎu,CVC.CVC.CV
Bruffador,semeador,sɨ.mjɐ.ˈdoɾ,CV.CCV.CVC
Bunaca,boneca,bu.ˈnɛ.kɐ,CV.CV.CV
Bunito,bonito,bu.ˈni.tu,CV.CV.CV
Burcê,aborrecer,ɐ.bu.Rɨ.ˈseɾ,V.CV.CV.CVC
burçá,aborrecer,ɐ.bu.Rɨ.ˈseɾ,V.CV.CV.CVC
Cabeça,cabeça,kɐ.ˈbe.sɐ,CV.CV.CV
cabeçé,cabeça,kɐ.ˈbe.sɐ,CV.CV.CV
Cabelho,cabelo,kɐ.ˈbe.lu,CV.CV.CV
Cachorinho,cachorro,kɐ.ˈʃo.Ru,CV.CV.CV
Cadè,cada,ˈkɐ.dɐ,CV.CV
Cadéra,cadeira,kɐ.ˈdɐj.ɾɐ,CV.CVC.CV
Cadia,cadeia,kɐ.ˈdɐj.ɐ,CV.CVC.V
Caix,caixa,ˈkaj.ʃɐ,CVC.CV
Càlis,cálice,ˈka.li.sɨ,CV.CV.CV
Calmo,calma,ˈkaɫ.mɐ,CVC.CV
Cambiador,cambista,kɐ̃.ˈbiʃ.tɐ,CV.CVC.CV
Canàlhi,canalha,kɐ.ˈna.ʎɐ,CV.CV.CV
Candecera,candeeiro,kɐ̃.ˈdjɐj.ɾu,CV.CCVC.CV
can'cera,candeeiro,kɐ̃.ˈdjɐj.ɾu,CV.CCVC.CV
Cândia,candeia,kɐ̃.ˈdɐj.ɐ,CV.CVC.V
Canto,quanto,ˈkwɐ̃.tu,CV.V.CV
Capas,capaz,kɐ.ˈpaʃ,CV.CVC
Captão,capitão,kɐ.pi.ˈtɐ̃w̃,CV.CV.CVG
capitano,capitão,kɐ.pi.ˈtɐ̃w̃,CV.CV.CVG
Caravão,carvão,kɐɾ.ˈvɐ̃w̃,CVC.CVG
Cargá,carregar,kɐ.Rɨ.ˈɡaɾ,CV.CV.CVC
Cargação,carregamento,kɐ.Rɨ.ɡɐ.ˈmẽ.tu,CV.CV.CV.CV.CV
Caridavel,caridoso,kɐ.ɾi.ˈdo.zu,CV.CV.CV.CV
Caringuejo,caranguejo,kɐ.ɾɐ̃.ˈɡɐj.ʒu,CV.CV.CVC.CV
Caristia,carestia,kɐ.ɾɨʃ.ˈti.ɐ,CV.CVC.CV.V
caristi,carestia,kɐ.ɾɨʃ.ˈti.ɐ,CV.CVC.CV.V
carrestia,carestia,kɐ.ɾɨʃ.ˈti.ɐ,CV.CVC.CV.V
Cartè,carta,ˈkaɾ.tɐ,CVC.CV
Casião,ocasião,ɔ.kɐ.ˈzjɐ̃w̃,V.CV.CCVG
Cassa,caixa,ˈkaj.ʃɐ,CVC.CV
Castella,castelo,kɐʃ.ˈtɛ.lu,CVC.CV.CV
castellé,castelo,kɐʃ.ˈtɛ.lu,CVC.CV.CV
Castigação,castigo,kɐʃ.ˈti.ɡu,CVC.CV.CV
Catividade,cativeiro,kɐ.ti.ˈvɐj.ɾu,CV.CV.CVC.CV
Catàrr,catarro,kɐ.ˈta.Ru,CV.CV.CV
Causo,causa,ˈkaw.zɐ,CVG.CV
Cavalheria,cavalaria,kɐ.vɐ.lɐ.ˈɾi.ɐ,CV.CV.CV.CV.V
Cavelyéro,cavalheiro,kɐ.vɐ.ˈʎɐj.ɾu,CV.CV.CVC.CV
Cavelo,cabelo,kɐ.ˈbe.lu,CV.CV.CV
Caverno,caverna,kɐ.ˈvɛɾ.nɐ,CV.CVC.CV
Caxa,queixa,ˈkɐj.ʃɐ,CVC.CV
Cendê,acender,ɐ.sẽ.ˈdeɾ,V.CV.CVC
Ceremonio,cerimónia,sɨ.ɾi.ˈmɔ.njɐ,CV.CV.CV.CCV
Chalo,chalé,ʃa.ˈlɛ,CV.CV
Chápè,chapa,ˈʃa.pɐ,CV.CV
Chape,chapéu,ʃɐ.ˈpɛw,CV.CVG
Chéo,cheio,ˈʃɐj.u,CVC.V
Chéro,cheiro,ˈʃɐj.ɾu,CVC.CV
chiero,cheiro,ˈʃɐj.ɾu,CVC.CV
chiesto,cheiro,ˈʃɐj.ɾu,CVC.CV
chisto,cheiro,ˈʃɐj.ɾu,CVC.CV
Chocarréa,chocarrice,ʃu.kɐ.ˈRi.sɨ,CV.CV.CV.CV
choqueria,chocarrice,ʃu.kɐ.ˈRi.sɨ,CV.CV.CV.CV
Chomà,chamar,ʃɐ.ˈmaɾ,CV.CVC
Chóma,chamamento,ʃɐ.mɐ.ˈmẽ.tu,CV.CV.CV.CV
Cinquo,cinco,ˈsĩ.ku,CVC.CV
cinquè,cinco,ˈsĩ.ku,CVC.CV
Clar,claro,ˈkla.ɾu,CCV.CV
Clarmente,claramente,kla.ɾɐ.ˈmẽ.tɨ,CCV.CV.CV.CV
Coidá,cuidar,kuj.ˈdaɾ,CVC.CVC
Coidado,cuidado,kuj.ˈda.du,CVC.CV.CV
Çoità,açoitar,ɐ.soj.ˈtaɾ,V.CVC.CVC
Colleição,coleção,ku.lɛ.ˈsɐ̃w̃,CV.CV.CVG
Columno,coluna,ku.ˈlu.nɐ,CV.CV.CV
Cóma,como,ˈko.mu,CV.CV
comè,como,ˈko.mu,CV.CV
Combersan,conversão,kõ.vɨɾ.ˈsɐ̃w̃,CVC.CVC.CVG
Comedi,comédia,ku.ˈmɛ.djɐ,CV.CV.CCV
comédè,comédia,ku.ˈmɛ.djɐ,CV.CV.CCV
Comera,comida,ku.ˈmi.dɐ,CV.CV.CV
comêrè,comida,ku.ˈmi.dɐ,CV.CV.CV
comero,comida,ku.ˈmi.dɐ,CV.CV.CV
comeira,comida,ku.ˈmi.dɐ,CV.CV.CV
coméria,comida,ku.ˈmi.dɐ,CV.CV.CV
Comidá,convidar,kõ.vi.ˈdaɾ,CVC.CV.CVC
Comidação,convite,kõ.ˈvi.tɨ,CVC.CV.CV
Commettá,cometer,ku.mɨ.ˈteɾ,CV.CV.CVC
Comminhão,comunhão,ku.mu.ˈɲɐ̃w̃,CV.CV.CVG
Companhamen-to,acompanhamento,ɐ.kõ.pɐ.ɲɐ.ˈmẽ.tu,V.CVC.CV.CV.CV.CV
companhimento,acompanhamento,ɐ.kõ.pɐ.ɲɐ.ˈmẽ.tu,V.CVC.CV.CV.CV.CV
compinhamento,acompanhamento,ɐ.kõ.pɐ.ɲɐ.ˈmẽ.tu,V.CVC.CV.CV.CV.CV
Comtodo,contudo,kõ.ˈtu.du,CVC.CV.CV
Con'cé,conhecer,ku.ɲɨ.ˈseɾ,CV.CV.CVC
Condiná,condenar,kõ.dɨ.ˈnaɾ,CVC.CV.CVC
Condinação,condenação,kõ.dɨ.nɐ.ˈsɐ̃w̃,CVC.CV.CV.CVG
Confessão,confesso,kõ.ˈfɛ.su,CVC.CV.CV
confesso,confesso,kõ.ˈfɛ.su,CVC.CV.CV
Conforma,conforme,kõ.ˈfɔɾ.mɨ,CVC.CVC.CV
Confundá,confundir,kõ.fũ.ˈdiɾ,CVC.CVC.CVC
Consecração,consagração,kõ.sɐ.ɡɾɐ.ˈsɐ̃w̃,CVC.CV.CCV.CVG
Conselà,consolar,kõ.su.ˈlaɾ,CVC.CV.CVC
Conselação,consolação,kõ.su.lɐ.ˈsɐ̃w̃,CVC.CV.CV.CVG
consalação,consolação,kõ.su.lɐ.ˈsɐ̃w̃,CVC.CV.CV.CVG
Conselyo,conselho,kõ.ˈse.ʎu,CVC.CV.CV
Consistá,consistir,kõ.siʃ.ˈtiɾ,CVC.CVC.CVC
Constrangà,constranger,kõʃ.tɾɐ̃.ˈʒeɾ,CVCC.CCV.CVC
Contentado,contente,kõ.ˈtẽ.tɨ,CVC.CV.CV
Conter,contra,ˈkõ.tɾɐ,CVC.CCV
Contrairo,contrário,kõ.ˈtɾa.ɾju,CVC.CCV.CCV
Conversão,conversação,kõ.vɨɾ.sɐ.ˈsɐ̃w̃,CVC.CVC.CV.CVG
Convertação,conversão,kõ.vɨɾ.ˈsɐ̃w̃,CVC.CVC.CVG
Convidação,convite,kõ.ˈvi.tɨ,CVC.CV.CV
Convinçà,convencer,kõ.vẽ.ˈseɾ,CVC.CV.CVC
Coragè,coragem,ku.ˈɾa.ʒɐ̃j̃,CV.CV.CVC
corajo,coragem,ku.ˈɾa.ʒɐ̃j̃,CV.CV.CVC
courajo,coragem,ku.ˈɾa.ʒɐ̃j̃,CV.CV.CVC
Cordà,acordar,ɐ.kuɾ.ˈdaɾ,V.CVC.CVC
cordià,acordar,ɐ.kuɾ.ˈdaɾ,V.CVC.CVC
Cordè,corda,ˈkɔɾ.dɐ,CVC.CV
Corovà,coroar,ku.ˈɾwaɾ,CV.CV.VC
Corovè,coroa,ku.ˈɾo.ɐ,CV.CV.V
Correição,correção,ku.Rɛ.ˈsɐ̃w̃,CV.CV.CVG
Correntè,quarenta,kwɐ.ˈɾẽ.tɐ,CV.V.CV.CV
currento,quarenta,kwɐ.ˈɾẽ.tɐ,CV.V.CV.CV
Corruptido,corrupto,ku.ˈRup.tu,CV.CVC.CV
Côrto,curto,ˈkuɾ.tu,CVC.CV
Cósse,coice,ˈkoj.sɨ,CVC.CV
Cossér,coceira,ku.ˈsɐj.ɾɐ,CV.CVC.CV
Couraço,couraça,kow.ˈɾa.sɐ,CVG.CV.CV
Crem,crer,ˈkɾeɾ,CCVC
Crescentà,acrescentar,ɐ.kɾɨʃ.sẽ.ˈtaɾ,V.CCVC.CV.CVC
criscentá,acrescentar,ɐ.kɾɨʃ.sẽ.ˈtaɾ,V.CCVC.CV.CVC
Criançè,criança,kɾi.ɐ̃.ˈsɐ,CCV.V.CV
criença,criança,kɾi.ɐ̃.ˈsɐ,CCV.V.CV
Criscé,crescer,kɾɨʃ.ˈseɾ,CCVC.CVC
crisé,crescer,kɾɨʃ.ˈseɾ,CCVC.CVC
Cruveldade,crueldade,kɾu.ɛɫ.ˈda.dɨ,CCV.VC.CV.CV
Cuidade,cuidado,kuj.ˈda.du,CVC.CV.CV
cuidação,cuidado,kuj.ˈda.du,CVC.CV.CV
cuidança,cuidado,kuj.ˈda.du,CVC.CV.CV
cuidancè,cuidado,kuj.ˈda.du,CVC.CV.CV
Cum,com,kõ,CVC
Cum'sá,começar,ku.mɨ.ˈsaɾ,CV.CV.CVC
Cupá,ocupar,ɔ.ku.ˈpaɾ,V.CV.CVC
Cupação,ocupação,ɔ.ku.pɐ.ˈsɐ̃w̃,V.CV.CV.CVG
Curá,correr,ku.ˈReɾ,CV.CVC
Cural,curral,ku.ˈRaɫ,CV.CVC
Cusá,coser,ku.ˈzeɾ,CV.CVC
Cúspi,cuspo,ˈkuʃ.pu,CVC.CV
cóspi,cuspo,ˈkuʃ.pu,CVC.CV
Customà,costumar,kuʃ.tu.ˈmaɾ,CVC.CV.CVC
Dádimo,dádiva,ˈda.di.vɐ,CV.CV.CV
Danaficà,danificar,dɐ.ni.fi.ˈkaɾ,CV.CV.CV.CVC
Darté,derreter,dɨ.Rɨ.ˈteɾ,CV.CV.CVC
derté,derreter,dɨ.Rɨ.ˈteɾ,CV.CV.CVC
Dedia,dia,di.a,CV.V
Declarão,declaração,dɨ.klɐ.ɾɐ.ˈsɐ̃w̃,CV.CCV.CV.CVG
Deixa,deixar,dɐj.ˈʃaɾ,CVC.CVC
dessa,deixar,dɐj.ˈʃaɾ,CVC.CVC
Demóni,demónio,dɨ.ˈmɔ.nju,CV.CV.CCV
Déntor,dentro,ˈdẽ.tɾu,CV.CCV
Desasparà,desesperar,dɨ.zɨʃ.pɨ.ˈɾaɾ,CV.CVC.CV.CVC
Descargà,descarregar,dɨʃ.kɐ.Rɨ.ˈɡaɾ,CVC.CV.CV.CVC
Desci,descer,dɨʃ.ˈseɾ,CVC.CVC
Descompetido,inconveniente,ĩ.kõ.vɨ.ˈnjẽ.tɨ,VC.CVC.CV.CCV.CV
Descontentado,descontente,dɨʃ.kõ.ˈtẽ.tɨ,CVC.CVC.CV.CV
Descuidação,descuido,dɨʃ.ˈkuj.du,CVC.CVC.CV
descuidancè,descuido,dɨʃ.ˈkuj.du,CVC.CVC.CV
Deseijo,desejo,dɨ.ˈzaj.ʒu,CV.CVC.CV
deselho,desejo,dɨ.ˈzaj.ʒu,CV.CVC.CV
Deseijà,desejar,dɨ.zɨ.ˈʒaɾ,CV.CV.CVC
Desembarçan,desembarque,dɨ.zẽ.ˈbaɾ.kɨ,CV.CV.CVC.CV
Desempará,desamparar,dɨ.zɐ̃.pɐ.ˈɾaɾ,CV.CV.CV.CVC
desemprà,desamparar,dɨ.zɐ̃.pɐ.ˈɾaɾ,CV.CV.CV.CVC
Deshonestade,desonestidade,dɨ.zu.nɨʃ.ti.ˈda.dɨ,CV.CV.CVC.CV.CV.CV
Desià,desejar,dɨ.zɨ.ˈʒaɾ,CV.CV.CVC
disià,desejar,dɨ.zɨ.ˈʒaɾ,CV.CV.CVC
diziá,desejar,dɨ.zɨ.ˈʒaɾ,CV.CV.CVC
Desio,desejo,dɨ.ˈzaj.ʒu,CV.CVC.CV
disio,desejo,dɨ.ˈzaj.ʒu,CV.CVC.CV
Desemportado,negligente,nɨ.ɡli.ˈʒẽ.tɨ,CV.CCV.CV.CV
Desmasiação,demasia,dɨ.mɐ.ˈzi.ɐ,CV.CV.CV.V
Despadaçá,despedaçar,dɨʃ.pɨ.dɐ.ˈsaɾ,CVC.CV.CV.CVC
Despois,depois,dɨ.ˈpojʃ,CV.CVCC
Desprazá,desprezar,dɨʃ.pɾɨ.ˈzaɾ,CVC.CCV.CVC
Desproveitoso,inútil,i.ˈnu.tiɫ,V.CV.CVC
Destribuá,distribuir,dɨʃ.tɾi.ˈbwiɾ,CVC.CCV.CV.VC
Destribuação,distribuição,dɨʃ.tɾi.bwi.ˈsɐ̃w̃,CVC.CCV.CV.V.CVG
destribução,distribuição,dɨʃ.tɾi.bwi.ˈsɐ̃w̃,CVC.CCV.CV.V.CVG
Destruvé,destruir,dɨʃ.tɾu.ˈiɾ,CVC.CCV.VC
destruivé,destruir,dɨʃ.tɾu.ˈiɾ,CVC.CCV.VC
destruvà,destruir,dɨʃ.tɾu.ˈiɾ,CVC.CCV.VC
Destruiação,destruição,dɨʃ.tɾu.i.ˈsɐ̃w̃,CVC.CCV.V.CVG
destruivição,destruição,dɨʃ.tɾu.i.ˈsɐ̃w̃,CVC.CCV.V.CVG
destrucção,destruição,dɨʃ.tɾu.i.ˈsɐ̃w̃,CVC.CCV.V.CVG
Dettà,deitar,dɐj.ˈtaɾ,CVC.CVC
Dezoitè,dezoito,dɨ.ˈzoj.tu,CV.CVC.CV
Differéncia,diferença,di.fɨ.ˈɾẽ.sɐ,CV.CV.CV.CV
Disaccordancè,desacordo,dɨ.zɐ.ˈkoɾ.du,CV.CV.CVC.CV
Discé,descer,dɨʃ.ˈseɾ,CVC.CVC
Discendé,descer,dɨʃ.ˈseɾ,CVC.CVC
Discerto,incerto,ĩ.ˈsɛɾ.tu,VC.CVC.CV
Discete,dezassete,dɨ.zɐ.ˈsɛ.tɨ,CV.CV.CV.CV
Disciplo,discípulo,dɨʃ.ˈsi.pu.lu,CVC.CV.CV.CV
Disconfiador,infiel,ĩ.ˈfjɛɫ,VC.CCVC
Disconfiadeira,infiel,ĩ.ˈfjɛɫ,VC.CCVC
Discontentomento,descontentamento,dɨʃ.kõ.tẽ.tɐ.ˈmẽ.tu,CVC.CVC.CV.CV.CV.CV
Disfiel,infiel,ĩ.ˈfjɛɫ,VC.CCVC
disfieldado,infiel,ĩ.ˈfjɛɫ,VC.CCVC
Disfieldade,infidelidade,ĩ.fi.dɨ.li.ˈda.dɨ,VC.CV.CV.CV.CV.CV
Dismuê,digerir,di.ʒɨ.ˈɾiɾ,CV.CV.CVC
Disobedecido,desobediente,dɨ.zɔ.bɨ.ˈdjẽ.tɨ,CV.CV.CV.CCV.CV
Dispidê,despedir,dɨʃ.pɨ.ˈdiɾ,CVC.CV.CVC
Dispôs,depois,dɨ.ˈpojʃ,CV.CVCC
Disputação,disputa,diʃ.ˈpu.tɐ,CVC.CV.CV
Dominião,domínio,du.ˈmi.nju,CV.CV.CCV
Dós,dois,ˈdojʃ,CVCC
dous,dois,ˈdojʃ,CVCC
Dozeiro,segundo,sɨ.ˈɡũ.du,CV.CVC.CV
douzeiro,segundo,sɨ.ˈɡũ.du,CV.CVC.CV
Dózimo,duodécimo,du.ɔ.ˈdɛ.si.mu,CV.V.CV.CV.CV
Dreito,direito,di.ˈɾɐj.tu,CV.CVC.CV
dreto,direito,di.ˈɾɐj.tu,CV.CVC.CV
Dromi,dormir,duɾ.ˈmiɾ,CVC.CVC
dromé,dormir,duɾ.ˈmiɾ,CVC.CVC
drumé,dormir,duɾ.ˈmiɾ,CVC.CVC
Dromiçá,adormecer,ɐ.duɾ.mɨ.ˈseɾ,V.CVC.CV.CVC
Dromiçá,adormecer,ɐ.duɾ.mɨ.ˈseɾ,V.CVC.CV.CVC
Dúki,duque,ˈdu.kɨ,CV.CV
Dukesè,duquesa,du.ˈke.zɐ,CV.CV.CV
Durança,duração,du.ɾɐ.ˈsɐ̃w̃,CV.CV.CVG
Duvidade,dúvida,ˈdu.vi.dɐ,CV.CV.CV
duvidança,dúvida,ˈdu.vi.dɐ,CV.CV.CV
Egualadomente,igualmente,i.ɡwaɫ.ˈmẽ.tɨ,V.CV.VC.CV.CV
Emperador,imperador,ĩ.pɨ.ɾɐ.ˈdoɾ,VC.CV.CV.CVC
emperdor,imperador,ĩ.pɨ.ɾɐ.ˈdoɾ,VC.CV.CV.CVC
Empressado,impresso,ĩ.ˈpɾɛ.su,VC.CCV.CV
Encenso,incenso,ĩ.ˈsẽ.su,VC.CV.CV
Enferno,inferno,ĩ.ˈfɛɾ.nu,VC.CVC.CV
Engrato,ingrato,ĩ.ˈɡɾa.tu,VC.CCV.CV
Enjoelho,joelho,ˈʒwɐj.ʎu,CV.VC.CV
Enluminá,iluminar,i.lu.mi.ˈnaɾ,V.CV.CV.CVC
enlumiá,iluminar,i.lu.mi.ˈnaɾ,V.CV.CV.CVC
Enteiro,inteiro,ĩ.ˈtɐj.ɾu,VC.CVC.CV
Envéja,inveja,ĩ.ˈvɐj.ʒɐ,VC.CVC.CV
envejè,inveja,ĩ.ˈvɐj.ʒɐ,VC.CVC.CV
envéjo,inveja,ĩ.ˈvɐj.ʒɐ,VC.CVC.CV
enveijo,inveja,ĩ.ˈvɐj.ʒɐ,VC.CVC.CV
Envisté,vestir,vɨʃ.ˈtiɾ,CVC.CVC
Erdávè,herdar,eɾ.ˈdaɾ,VC.CVC
Esperdição,desperdício,dɨʃ.pɨɾ.ˈdi.sju,CVC.CVC.CV.CCV
Fábre,febre,ˈfɛ.bɾɨ,CV.CCV
Faê,fazer,fɐ.ˈzeɾ,CV.CVC
Faltança,falta,ˈfaɫ.tɐ,CVC.CV
Familha,família,fɐ.ˈmi.ljɐ,CV.CV.CCV
familyè,família,fɐ.ˈmi.ljɐ,CV.CV.CCV
Faz,fácil,ˈfa.siɫ,CV.CVC
Fàze,feito,ˈfɐj.tu,CVC.CV
Fazedo,feito,ˈfɐj.tu,CVC.CV
fazido,feito,ˈfɐj.tu,CVC.CV
Feirréro,ferreiro,fɨ.ˈRɐj.ɾu,CV.CVC.CV
Felizamente,felizmente,fɨ.liʒ.ˈmẽ.tɨ,CV.CVC.CV.CV
Femè,fêmea,ˈfe.mjɐ,CV.CCV
Féo,feio,ˈfɐj.u,CVC.V
feu,feio,ˈfɐj.u,CVC.V
Feudade,fealdade,fi.aɫ.ˈda.dɨ,CV.VC.CV.CV
Ferão,ferrão,fɨ.ˈRɐ̃w̃,CV.CVG
Ferido,ferida,fɨ.ˈɾi.dɐ,CV.CV.CV
Ferraro,ferreiro,fɨ.ˈRɐj.ɾu,CV.CVC.CV
Fessão,feição,fɐj.ˈsɐ̃w̃,CVC.CVG
Festè,festa,ˈfɛʃ.tɐ,CVC.CV
Feticeria,feitiçaria,fɐj.ti.sɐ.ˈɾi.ɐ,CVC.CV.CV.CV.V
Fetiço,feitiço,fɐj.ˈti.su,CVC.CV.CV
Feto,feito,ˈfɐj.tu,CVC.CV
Fieldade,fidelidade,fi.dɨ.li.ˈda.dɨ,CV.CV.CV.CV.CV
Filyo,filho,ˈfi.ʎu,CV.CV
Firmidade,firmeza,fiɾ.ˈme.zɐ,CVC.CV.CV
Fisgà,fixar,fi.ˈksaɾ,CV.CCVC
Fitè,fita,ˈfi.tɐ,CV.CV
Flamma,chama,ˈʃɐ.mɐ,CV.CV
Fogà,afogar,ɐ.fu.ˈɡaɾ,V.CV.CVC
Fólga,fôlego,ˈfo.lɨ.ɡu,CV.CV.CV
Folho,folha,ˈfo.ʎɐ,CV.CV
Fórea,ferrugem,fɨ.ˈRu.ʒɐ̃j̃,CV.CV.CVC
fória,ferrugem,fɨ.ˈRu.ʒɐ̃j̃,CV.CV.CVC
Fornè,forno,ˈfoɾ.nu,CVC.CV
Forrè,fora,ˈfɔ.ɾɐ,CV.CV
Fortelezè,fortaleza,fuɾ.tɐ.ˈle.zɐ,CVC.CV.CV.CV
fortéza,fortaleza,fuɾ.tɐ.ˈle.zɐ,CVC.CV.CV.CV
Fortificação,confirmação,kõ.fiɾ.mɐ.ˈsɐ̃w̃,CVC.CVC.CV.CVG
Fremoso,formoso,fuɾ.ˈmo.zu,CVC.CV.CV
Fremosura,formosura,fuɾ.mu.ˈzu.ɾɐ,CVC.CV.CV.CV
fremesura,formosura,fuɾ.mu.ˈzu.ɾɐ,CVC.CV.CV.CV
fremesora,formosura,fuɾ.mu.ˈzu.ɾɐ,CVC.CV.CV.CV
fremasora,formosura,fuɾ.mu.ˈzu.ɾɐ,CVC.CV.CV.CV
Frés,fresco,ˈfɾeʃ.ku,CCVC.CV
frez,fresco,ˈfɾeʃ.ku,CCVC.CV
Friu,frio,ˈfɾi.u,CCV.V
Frúito,fruto,ˈfɾu.tu,CCV.CV
Fruitoso,frutuoso,fɾu.ˈtwo.zu,CCV.CV.V.CV
Fugà,afogar,ɐ.fu.ˈɡaɾ,V.CV.CVC
Fugé,fugir,fu.ˈʒiɾ,CV.CVC
Fula,flor,ˈfloɾ,CCVC
fulè,flor,ˈfloɾ,CCVC
Fuma,fumo,ˈfu.mu,CV.CV
Fundemento,fundamento,fũ.dɐ.ˈmẽ.tu,CVC.CV.CV.CV
Fundéza,fundo,ˈfũ.du,CVC.CV
fundura,fundo,ˈfũ.du,CVC.CV
Furtéza,furto,ˈfuɾ.tu,CVC.CV
Furugè,ferrugem,fɨ.ˈRu.ʒɐ̃j̃,CV.CV.CVC
furuja,ferrugem,fɨ.ˈRu.ʒɐ̃j̃,CV.CV.CVC
Gafinhoto,gafanhoto,ɡɐ.fɐ.ˈɲo.tu,CV.CV.CV.CV
Gáilo,gaiola,ɡaj.ˈɔ.lɐ,CVC.V.CV
Ganyà,ganhar,ɡɐ.ˈɲaɾ,CV.CVC
Galyardè,galhardo,ɡɐ.ˈʎaɾ.du,CV.CVC.CV
Gardá,guardar,ɡwɐɾ.ˈdaɾ,CV.VC.CVC
Gardecé,agradecer,ɐ.ɡɾɐ.dɨ.ˈseɾ,V.CCV.CV.CVC
gardicê,agradecer,ɐ.ɡɾɐ.dɨ.ˈseɾ,V.CCV.CV.CVC
guardicé,agradecer,ɐ.ɡɾɐ.dɨ.ˈseɾ,V.CCV.CV.CVC
Gardecimento,agradecimento,ɐ.ɡɾɐ.dɨ.si.ˈmẽ.tu,V.CCV.CV.CV.CV.CV
gardicemento,agradecimento,ɐ.ɡɾɐ.dɨ.si.ˈmẽ.tu,V.CCV.CV.CV.CV.CV
gardiamento,agradecimento,ɐ.ɡɾɐ.dɨ.si.ˈmẽ.tu,V.CCV.CV.CV.CV.CV
Geresan,geração,ʒɨ.ɾɐ.ˈsɐ̃w̃,CV.CV.CVG
Goldiçà,apetecer,ɐ.pɨ.tɨ.ˈseɾ,V.CV.CV.CVC
Gotiá,gotejar,ɡu.tɨ.ˈʒaɾ,CV.CV.CVC
Gran,grão,ˈɡɾɐ̃w̃,CCVG
Greja,igreja,i.ˈɡɾɐj.ʒɐ,V.CCVC.CV
Grijo,grilo,ˈɡɾi.lu,CCV.CV
Guerrà,guerrear,ɡɨ.ˈRi.aɾ,CV.CV.VC
Harpo,harpa,ˈaɾ.pɐ,VC.CV
Herdança,herança,e.ˈɾɐ̃.sɐ,V.CV.CV
Heregia,heresia,e.ɾɨ.ˈzi.ɐ,V.CV.CV.V
herecia,heresia,e.ɾɨ.ˈzi.ɐ,V.CV.CV.V
Heridá,herdar,eɾ.ˈdaɾ,VC.CVC
Histórè,história,iʃ.ˈtɔ.ɾjɐ,VC.CV.CCV
Hojo,hoje,ô.je,V.CV
hôjoe,hoje,ô.je,V.CV
Home,homem,ˈɔm,VC
homi,homem,ˈɔm,VC
Homicido,homicídio,u.mi.ˈsi.dju,V.CV.CV.CCV
Honeste,honesto,u.ˈnɛʃ.tu,V.CVC.CV
Humildo,humilde,u.ˈmiɫ.dɨ,V.CVC.CV
Humildeza,humildade,u.miɫ.ˈda.dɨ,V.CVC.CV.CV
Humiliação,humilhação,u.mi.ʎɐ.ˈsɐ̃w̃,V.CV.CV.CVG
Idolateiro,idólatra,i.ˈdɔ.lɐ.tɾɐ,V.CV.CV.CCV
idoloteiro,idólatra,i.ˈdɔ.lɐ.tɾɐ,V.CV.CV.CCV
Ilya,ilha,ˈi.ʎɐ,V.CV
Imajo,imagem,i.ˈma.ʒɐ̃j̃,V.CV.CVC
Impioso,ímpio,ˈĩ.pju,VC.CCV
Importado,importante,ĩ.puɾ.ˈtɐ̃.tɨ,VC.CVC.CV.CV
Importança,importância,ĩ.puɾ.ˈtɐ̃.sjɐ,VC.CVC.CV.CCV
Impressado,impresso,ĩ.ˈpɾɛ.su,VC.CCV.CV
Impressador,impressor,ĩ.pɾɨ.ˈsoɾ,VC.CCV.CVC
Impuridade,impureza,ĩ.pu.ˈɾe.zɐ,VC.CV.CV.CV
Infruitoso,infrutífero,ĩ.fɾu.ˈti.fɨ.ɾu,VC.CCV.CV.CV.CV
Ingres,inglês,ĩ.ˈgleʃ,VC.CCVC
Injoelho,joelho,ˈʒwɐj.ʎu,CV.VC.CV
injivelho,joelho,ˈʒwɐj.ʎu,CV.VC.CV
injevejo,joelho,ˈʒwɐj.ʎu,CV.VC.CV
injivejo,joelho,ˈʒwɐj.ʎu,CV.VC.CV
Instruição,instrução,ĩʃ.tɾu.ˈsɐ̃w̃,VCC.CCV.CVG
Intergridade,integridade,ĩ.tɨ.ɡɾi.ˈda.dɨ,VC.CV.CCV.CV.CV
Intrudição,introdução,ĩ.tɾu.du.ˈsɐ̃w̃,VC.CCV.CV.CVG
Inveijo,inveja,ĩ.ˈvɐj.ʒɐ,VC.CVC.CV
Iremão,irmão,iɾ.ˈmɐ̃w̃,VC.CVG
Irmana,irmã,iɾ.ˈmɐ̃,VC.CV
Istôri,história,iʃ.ˈtɔ.ɾjɐ,VC.CV.CCV
Jà,já,ˈʒa,CV
Jàsper,jaspe,ˈʒaʃ.pɨ,CVC.CV
Javi,veio,ˈvɐj.u,CVC.V
javitem,veio,ˈvɐj.u,CVC.V
Jinjúa,jejum,ʒɨ.ˈʒũ,CV.CVC
jinúa,jejum,ʒɨ.ˈʒũ,CV.CVC
jinjunação,jejum,ʒɨ.ˈʒũ,CV.CVC
Jinjuá,jejuar,ʒɨ.ˈʒwaɾ,CV.CV.VC
Jornado,jornada,ʒuɾ.ˈna.dɐ,CVC.CV.CV
Judá,ajuda,ɐ.ˈʒu.dɐ,V.CV.CV
judè,ajuda,ɐ.ˈʒu.dɐ,V.CV.CV
judança,ajuda,ɐ.ˈʒu.dɐ,V.CV.CV
Juntação,ajuntamento,ɐ.ʒũ.tɐ.ˈmẽ.tu,V.CVC.CV.CV.CV
Junto-servidor,colega,ku.ˈlɛ.ɡɐ,CV.CV.CV
Justá,ajustar,ɐ.ʒuʃ.ˈtaɾ,V.CVC.CVC
Justicia,justiça,ʒuʃ.ˈti.sɐ,CVC.CV.CV
Kokeira,coqueiro,ko.ˈkɐj.ɾu,CV.CVC.CV
Ladinha,ladainha,lɐ.dɐ.ˈi.ɲɐ,CV.CV.V.CV
Lagárè,lugar,lu.ˈɡaɾ,CV.CVC
Lágri,lágrima,ˈla.ɡɾi.mɐ,CV.CCV.CV
láguir,lágrima,ˈla.ɡɾi.mɐ,CV.CCV.CV
Lampo,lâmpada,ˈlɐ̃.pɐ.dɐ,CV.CV.CV
Lantá,levantar,lɨ.vɐ̃.ˈtaɾ,CV.CV.CVC
Lastimo,lástima,ˈlaʃ.ti.mɐ,CVC.CV.CV
Lastro,laço,ˈla.su,CV.CV
lástor,laço,ˈla.su,CV.CV
Lego,légua,ˈlɛ.ɡwɐ,CV.CV.V
leagou,légua,ˈlɛ.ɡwɐ,CV.CV.V
Lei,como,ˈko.mu,CV.CV
Lés,ler,ˈleɾ,CVC
lez,ler,ˈleɾ,CVC
leis,ler,ˈleɾ,CVC
Lés,lição,li.ˈsɐ̃w̃,CV.CVG
Lestemente,prontamente,pɾõ.tɐ.ˈmẽ.tɨ,CCVC.CV.CV.CV
Léte,leite,ˈlɐj.tɨ,CVC.CV
Levadura,fermento,fɨɾ.ˈmẽ.tu,CVC.CV.CV
Leventà,levantar,lɨ.vɐ̃.ˈtaɾ,CV.CV.CVC
Lingo,língua,ˈlĩ.ɡwɐ,CVC.CV.V
Liverdade,liberdade,li.bɨɾ.ˈda.dɨ,CV.CVC.CV.CV
livradade,liberdade,li.bɨɾ.ˈda.dɨ,CV.CVC.CV.CV
Livrança,libertação,li.bɨɾ.tɐ.ˈsɐ̃w̃,CV.CVC.CV.CVG
livrancè,libertação,li.bɨɾ.tɐ.ˈsɐ̃w̃,CV.CVC.CV.CVG
livração,libertação,li.bɨɾ.tɐ.ˈsɐ̃w̃,CV.CVC.CV.CVG
Ló,logo,ˈlɔ.ɡu,CV.CV
Loità,lutar,lu.ˈtaɾ,CV.CVC
Louvro,louvor,low.ˈvoɾ,CVG.CVC
Lovà,louvar,low.ˈvaɾ,CVG.CVC
Lugàra,lugar,lu.ˈɡaɾ,CV.CVC
Iugàrè,lugar,lu.ˈɡaɾ,CV.CVC
Iugària,lugar,lu.ˈɡaɾ,CV.CVC
Luguéra,aluguer,ɐ.lu.ˈɡɛɾ,V.CV.CVC
Lumado,aluado,ɐ.ˈlwa.du,V.CV.V.CV
Luzé,luzir,lu.ˈziɾ,CV.CVC
Mação,mansão,mɐ̃.ˈsɐ̃w̃,CV.CVG
Madergà,madrugar,mɐ.dɾu.ˈɡaɾ,CV.CCV.CVC
Magovà,magoar,mɐ.ˈɡwaɾ,CV.CV.VC
maguvà,magoar,mɐ.ˈɡwaɾ,CV.CV.VC
Mai,mãe,ˈmɐ̃j̃,CVC
Major,maior,mɐj.ˈɔɾ,CVC.VC
Malfetor,malfeitor,maɫ.fɐj.ˈtoɾ,CVC.CVC.CVC
Malino,maligno,mɐ.ˈli.ɡnu,CV.CV.CCV
Manhão,manhã,mɐ.ˈɲɐ̃,CV.CV
Manhecé,amanhecer,ɐ.mɐ.ɲɨ.ˈseɾ,V.CV.CV.CVC
manecê,amanhecer,ɐ.mɐ.ɲɨ.ˈseɾ,V.CV.CV.CVC
Mára,maré,mɐ.ˈɾɛ,CV.CV
marè,mar,ˈmaɾ,CVC
Marello,amarelo,ɐ.mɐ.ˈɾɛ.lu,V.CV.CV.CV
Marga,amargo,ɐ.ˈmaɾ.ɡu,V.CVC.CV
Margôra,amargura,ɐ.mɐɾ.ˈɡu.ɾɐ,V.CVC.CV.CV
Mármor,mármore,ˈmaɾ.mu.ɾɨ,CVC.CV.CV
màrmar,mármore,ˈmaɾ.mu.ɾɨ,CVC.CV.CV
Martellè,martelo,mɐɾ.ˈtɛ.lu,CVC.CV.CV
martél,martelo,mɐɾ.ˈtɛ.lu,CVC.CV.CV
Marvioso,maravilhoso,mɐ.ɾɐ.vi.ˈʎo.zu,CV.CV.CV.CV.CV
Matação,homicídio,u.mi.ˈsi.dju,V.CV.CV.CCV
matança,homicídio,u.mi.ˈsi.dju,V.CV.CV.CCV
Medè,medir,mɨ.ˈdiɾ,CV.CVC
Meido,medo,ˈme.du,CV.CV
Mellifluoso,melífluo,mɨ.li.ˈflwu,CV.CV.CCV.V
Memo,mimo,ˈmi.mu,CV.CV
Méo,meio,ˈmɐj.u,CVC.V
Mercê,merecer,mɨ.ɾɨ.ˈseɾ,CV.CV.CVC
Merecê,merecer,mɨ.ɾɨ.ˈseɾ,CV.CV.CVC
Meritória,mérito,ˈmɛ.ɾi.tu,CV.CV.CV
Mès,mês,ˈmeʃ,CVC
méis,mês,ˈmeʃ,CVC
Méssa,mesa,ˈme.zɐ,CV.CV
Messá,ameaçar,ɐ.mjɐ.ˈsaɾ,V.CCV.CVC
Militàrio,militar,mɨ.li.ˈtaɾ,CV.CV.CVC
Mimôri,memória,mɨ.ˈmɔ.ɾjɐ,CV.CV.CCV
Ministeiro,ministério,mɨ.niʃ.ˈtɛ.ɾju,CV.CVC.CV.CCV
Ministração,ministério,mɨ.niʃ.ˈtɛ.ɾju,CV.CVC.CV.CCV
Minteira,mentira,mẽ.ˈti.ɾɐ,CV.CV.CV
Mira,mirra,ˈmi.Rɐ,CV.CV
Misaravel,miserável,mi.zɨ.ˈɾa.vɛɫ,CV.CV.CV.CVC
misravel,miserável,mi.zɨ.ˈɾa.vɛɫ,CV.CV.CV.CVC
Misricordia,misericórdia,mi.zɨ.ɾi.ˈkɔɾ.djɐ,CV.CV.CV.CVC.CCV
misrecordia,misericórdia,mi.zɨ.ɾi.ˈkɔɾ.djɐ,CV.CV.CV.CVC.CCV
Mistrá,misturar,miʃ.tu.ˈɾaɾ,CVC.CV.CVC
Moito,muito,ˈmwĩ.tu,CV.VC.CV
Montanho,montanha,mõ.ˈtɐ.ɲɐ,CVC.CV.CV
Morra,morar,mu.ˈɾaɾ,CV.CVC
Mortajo,mortalha,muɾ.ˈta.ʎɐ,CVC.CV.CV
Mortià,amortalhar,ɐ.muɾ.tɐ.ˈʎaɾ,V.CVC.CV.CVC
Mostárdè,mostarda,muʃ.ˈtaɾ.dɐ,CVC.CVC.CV
Mourdé,morder,muɾ.ˈdeɾ,CVC.CVC
Movà,mover,mu.ˈveɾ,CV.CVC
Muê,moer,ˈmweɾ,CV.VC
muá,moer,ˈmweɾ,CV.VC
Mudáncè,mudança,mu.ˈdɐ̃.sɐ,CV.CV.CV
mudação,mudança,mu.ˈdɐ̃.sɐ,CV.CV.CV
Mudano,mundano,mũ.ˈdɐ.nu,CVC.CV.CV
Mundoso,mundano,mũ.ˈdɐ.nu,CVC.CV.CV
Murguiá,mergulhar,mɨɾ.ɡu.ˈʎaɾ,CVC.CV.CVC
Mustrà,mostrar,muʃ.ˈtɾaɾ,CVC.CCVC
Mystéria,mistério,miʃ.ˈtɛ.ɾju,CVC.CV.CCV
Nan,não,ˈnɐ̃w̃,CVG
Navigà,navegar,nɐ.vɨ.ˈɡaɾ,CV.CV.CVC
Necestade,necessidade,nɨ.sɨ.si.ˈda.dɨ,CV.CV.CV.CV.CV
Negócia,negócio,nɨ.ˈɡɔ.sju,CV.CV.CCV
Nistá,necessitar,nɨ.sɨ.si.ˈtaɾ,CV.CV.CV.CVC
Nistade,necessidade,nɨ.sɨ.si.ˈda.dɨ,CV.CV.CV.CV.CV
Nó,nu,ˈnu,CV
nuó,nu,ˈnu,CV
Nóber,nobre,ˈnɔ.bɾɨ,CV.CCV
Nocente,inocente,i.nu.ˈsẽ.tɨ,V.CV.CV.CV
nocenti,inocente,i.nu.ˈsẽ.tɨ,V.CV.CV.CV
Nogo,novo,ˈno.vu,CV.CV
Nonca,nunca,ˈnũ.kɐ,CVC.CV
nonco,nunca,ˈnũ.kɐ,CVC.CV
nuca,nunca,ˈnũ.kɐ,CVC.CV
núcu,nunca,ˈnũ.kɐ,CVC.CV
Nono,avô,ɐ.ˈvo,V.CV
Nóvis,nuvem,ˈnu.vɐ.ɐ̃j̃,CV.CV.VC
Num,não,ˈnɐ̃w̃,CVG
nun,não,ˈnɐ̃w̃,CVG
Nunca,nunca,ˈnũ.kɐ,CVC.CV
nunco,nunca,ˈnũ.kɐ,CVC.CV
Nuvè,nuvem,ˈnu.vɐ.ɐ̃j̃,CV.CV.VC
Ô,ou,ow,VG
Obedicé,obedecer,ɔ.bɨ.dɨ.ˈseɾ,V.CV.CV.CVC
obdecé,obedecer,ɔ.bɨ.dɨ.ˈseɾ,V.CV.CV.CVC
Obre,obra,ˈɔ.bɾɐ,V.CCV
óber,obra,ˈɔ.bɾɐ,V.CCV
Obração,operação,ɔ.pɨ.ɾɐ.ˈsɐ̃w̃,V.CV.CV.CVG
Obrigacè,obrigação,ɔ.bɾi.ɡɐ.ˈsɐ̃w̃,V.CCV.CV.CVG
Ódia,ódio,ˈɔ.dju,V.CCV
Offercé,oferecer,ɔ.fɨ.ɾɨ.ˈseɾ,V.CV.CV.CVC
Offercimento,oferta,ɔ.ˈfɛɾ.tɐ,V.CVC.CV
offeração,oferta,ɔ.ˈfɛɾ.tɐ,V.CVC.CV
offerça,oferta,ɔ.ˈfɛɾ.tɐ,V.CVC.CV
offerço,oferta,ɔ.ˈfɛɾ.tɐ,V.CVC.CV
Olyo,hoje,ô.je,V.CV
Ontà,untar,ũ.ˈtaɾ,VC.CVC
Onte,ontem,ˈõ.tɐ̃j̃,VC.CVC
ónti,ontem,ˈõ.tɐ̃j̃,VC.CVC
ónta,ontem,ˈõ.tɐ̃j̃,VC.CVC
Oratória,oratório,ɔ.ɾɐ.ˈtɔ.ɾju,V.CV.CV.CCV
Ordinà,ordenar,ɔɾ.dɨ.ˈnaɾ,VC.CV.CVC
Ortelão,hortelã,ɔɾ.tɨ.ˈlɐ̃,VC.CV.CV
Orvai,orvalho,ɔɾ.ˈva.ʎu,VC.CV.CV
oravai,orvalho,ɔɾ.ˈva.ʎu,VC.CV.CV
Otro,outro,ˈow.tɾu,VG.CCV
outrè,outro,ˈow.tɾu,VG.CCV
Oura,ouro,o.ɾu,V.CV
óru,ouro,o.ɾu,V.CV
Ouvida,ouvido,ow.ˈvi.du,VG.CV.CV
ovido,ouvido,ow.ˈvi.du,VG.CV.CV
ovida,ouvido,ow.ˈvi.du,VG.CV.CV
Ovelho,ovelha,ɔ.ˈvɐj.ʎɐ,V.CVC.CV
Padaço,pedaço,pɨ.ˈda.su,CV.CV.CV
padas,pedaço,pɨ.ˈda.su,CV.CV.CV
padaz,pedaço,pɨ.ˈda.su,CV.CV.CV
Padicé,padecer,pɐ.dɨ.ˈseɾ,CV.CV.CVC
Palàver,palavra,pɐ.ˈla.vɾɐ,CV.CV.CCV
pàlver,palavra,pɐ.ˈla.vɾɐ,CV.CV.CCV
pàlvra,palavra,pɐ.ˈla.vɾɐ,CV.CV.CCV
Pamperlão,altivo,aɫ.ˈti.vu,VC.CV.CV
Pan,pão,ˈpɐ̃w̃,CVG
Pancádè,pancada,pɐ̃.ˈka.dɐ,CV.CV.CV
pancado,pancada,pɐ̃.ˈka.dɐ,CV.CV.CV
Panhà,apanhar,ɐ.pɐ.ˈɲaɾ,V.CV.CVC
Papiá,falar,fɐ.ˈlaɾ,CV.CVC
Par,para,ˈpɐ.ɾɐ,CV.CV
Parçaria,parceria,pɐɾ.sɨ.ˈɾi.ɐ,CVC.CV.CV.V
Paridura,parto,ˈpaɾ.tu,CVC.CV
Parentesca,parentesco,pɐ.ɾẽ.ˈteʃ.ku,CV.CV.CVC.CV
Parpora,púrpura,ˈpuɾ.pu.ɾɐ,CVC.CV.CV
Parque,porque,ˈpuɾ.kɨ,CVC.CV
parqui,porque,ˈpuɾ.kɨ,CVC.CV
Pàrtei,parte,ˈpaɾ.tɨ,CVC.CV
Paçá,passar,pɐ.ˈsaɾ,CV.CVC
Pascencia,paciência,pɐ.ˈsjẽ.sjɐ,CV.CCV.CCV
Pastempo,passatempo,pa.sɐ.ˈtẽ.pu,CV.CV.CV.CV
Pateca,melancia,mɨ.lɐ̃.ˈsi.ɐ,CV.CV.CV.V
Pavi,pavio,pɐ.ˈvi.u,CV.CV.V
Péci,peixe,ˈpɐj.ʃɨ,CVC.CV
pési,peixe,ˈpɐj.ʃɨ,CVC.CV
Pedrejà,apedrejar,ɐ.pɨ.dɾɨ.ˈʒaɾ,V.CV.CCV.CVC
pedreyà,apedrejar,ɐ.pɨ.dɾɨ.ˈʒaɾ,V.CV.CCV.CVC
pedriá,apedrejar,ɐ.pɨ.dɾɨ.ˈʒaɾ,V.CV.CCV.CVC
Pei,pé,ˈpɛ,CV
Péli,pele,ˈpɛ.lɨ,CV.CV
Pelo,por,puɾ,CVC
Pelour,pelouro,pɨ.ˈlow.ɾu,CV.CVG.CV
Penerá,peneirar,pɨ.nɐj.ˈɾaɾ,CV.CVC.CVC
Pequinino,pequeno,pɨ.ˈke.nu,CV.CV.CV
Perdá,perder,pɨɾ.ˈdeɾ,CVC.CVC
Perdovà,perdoar,pɨɾ.ˈdwaɾ,CVC.CV.VC
Perfeitado,perfeito,pɨɾ.ˈfɐj.tu,CVC.CVC.CV
Perigreneção,peregrinação,pɨ.ɾɨ.ɡɾi.nɐ.ˈsɐ̃w̃,CV.CV.CCV.CV.CVG
Perla,pérola,ˈpɛ.ɾu.lɐ,CV.CV.CV
Permittá,permitir,pɨɾ.mi.ˈtiɾ,CVC.CV.CVC
Perseguaição,perseguição,pɨɾ.sɨ.ɡi.ˈsɐ̃w̃,CVC.CV.CV.CVG
Persuaidir,persuadir,pɨɾ.swɐ.ˈdiɾ,CVC.CV.V.CVC
Pertruvà,perturbar,pɨɾ.tuɾ.ˈbaɾ,CVC.CVC.CVC
Pessõa,pessoa,pɨ.ˈso.ɐ,CV.CV.V
peason,pessoa,pɨ.ˈso.ɐ,CV.CV.V
pessão,pessoa,pɨ.ˈso.ɐ,CV.CV.V
pessan,pessoa,pɨ.ˈso.ɐ,CV.CV.V
Péstia,peste,ˈpɛʃ.tɨ,CVC.CV
Péto,peito,ˈpɐj.tu,CVC.CV
Piadade,piedade,pjɛ.ˈda.dɨ,CCV.CV.CV
Piadoso,piedoso,pjɛ.ˈdo.zu,CCV.CV.CV
pidoso,piedoso,pjɛ.ˈdo.zu,CCV.CV.CV
Pidé,pedir,pɨ.ˈdiɾ,CV.CVC
Pindurá,pendurar,pẽ.du.ˈɾaɾ,CV.CV.CVC
Pindrado,pendurado,pẽ.du.ˈɾa.du,CV.CV.CV.CV
Pinhor,penhor,pɨ.ˈɲoɾ,CV.CVC
Pirigo,perigo,pɨ.ˈɾi.ɡu,CV.CV.CV
Piregoso,perigoso,pɨ.ɾi.ˈɡo.zu,CV.CV.CV.CV
Piscôs,pescoço,pɨʃ.ˈko.su,CVC.CV.CV
Plaga,praga,ˈpɾa.ɡɐ,CCV.CV
plágu,praga,ˈpɾa.ɡɐ,CCV.CV
Plan,plano,ˈplɐ.nu,CCV.CV
Plánchè,planta,ˈplɐ̃.tɐ,CCV.CV
Planétè,planeta,plɐ.ˈne.tɐ,CCV.CV.CV
Plenidão,plenitude,plɨ.ni.ˈtu.dɨ,CCV.CV.CV.CV
Póco,pouco,ˈpow.ku,CVG.CV
Podéra,poder,pu.ˈdeɾ,CV.CVC
Pódeser,talvez,taɫ.ˈveʃ,CVC.CVC
pódiser,talvez,taɫ.ˈveʃ,CVC.CVC
Po'e,poder,pu.ˈdeɾ,CV.CVC
poi,poder,pu.ˈdeɾ,CV.CVC
Porcadade,porcaria,puɾ.kɐ.ˈɾi.ɐ,CVC.CV.CV.V
Possebé,possuir,pu.ˈswiɾ,CV.CV.VC
possibé,possuir,pu.ˈswiɾ,CV.CV.VC
pos-suibé,possuir,pu.ˈswiɾ,CV.CV.VC
Póssia,posse,ˈpɔ.sɨ,CV.CV
Pouches,troca,ˈtɾɔ.kɐ,CCV.CV
póuchis,troca,ˈtɾɔ.kɐ,CCV.CV
Povoção,povoação,pu.vwɐ.ˈsɐ̃w̃,CV.CV.V.CVG
povesan,povoação,pu.vwɐ.ˈsɐ̃w̃,CV.CV.V.CVG
Prandè,prender,pɾẽ.ˈdeɾ,CCV.CVC
Pranta,planta,ˈplɐ̃.tɐ,CCV.CV
Prato,preto,ˈpɾe.tu,CCV.CV
Prazero,prazer,pɾɐ.ˈzeɾ,CCV.CVC
prazeiro,prazer,pɾɐ.ˈzeɾ,CCV.CVC
Prendé,aprender,ɐ.pɾẽ.ˈdeɾ,V.CCV.CVC
prendá,aprender,ɐ.pɾẽ.ˈdeɾ,V.CCV.CVC
prandé,aprender,ɐ.pɾẽ.ˈdeɾ,V.CCV.CVC
Prendo,instrução,ĩʃ.tɾu.ˈsɐ̃w̃,VCC.CCV.CVG
prendá,instrução,ĩʃ.tɾu.ˈsɐ̃w̃,VCC.CCV.CVG
Prénha,grávida,ˈɡɾa.vi.dɐ,CCV.CV.CV
prenhe,grávida,ˈɡɾa.vi.dɐ,CCV.CV.CV
Prensa,imprensa,ĩ.ˈpɾẽ.sɐ,VC.CCV.CV
prenso,imprensa,ĩ.ˈpɾẽ.sɐ,VC.CCV.CV
Presa,prender,pɾẽ.ˈdeɾ,CCV.CVC
Preso-casa,prisão,pɾi.ˈzɐ̃w̃,CCV.CVG
Preséncia,presença,pɾɨ.ˈzẽ.sɐ,CCV.CV.CV
presènci,presença,pɾɨ.ˈzẽ.sɐ,CCV.CV.CV
Preso,preço,ˈpɾe.su,CCV.CV
prezo,preço,ˈpɾe.su,CCV.CV
Primeté,prometer,pɾu.mɨ.ˈteɾ,CCV.CV.CVC
primité,prometer,pɾu.mɨ.ˈteɾ,CCV.CV.CVC
primitá,prometer,pɾu.mɨ.ˈteɾ,CCV.CV.CVC
Premitido,prometido,pɾu.mɨ.ˈti.du,CCV.CV.CV.CV
Princézè,princesa,pɾĩ.ˈse.zɐ,CCVC.CV.CV
Principalidado,principado,pɾĩ.si.ˈpa.du,CCVC.CV.CV.CV
Prinspo,príncipe,ˈpɾĩ.sɨ.pɨ,CCVC.CV.CV
prenspo,príncipe,ˈpɾĩ.sɨ.pɨ,CCVC.CV.CV
Privilézia,privilégio,pɾi.vi.ˈlɛ.ʒju,CCV.CV.CV.CCV
privilézè,privilégio,pɾi.vi.ˈlɛ.ʒju,CCV.CV.CV.CCV
Professão,profissão,pɾu.fi.ˈsɐ̃w̃,CCV.CV.CVG
Profundura,profundidade,pɾu.fũ.di.ˈda.dɨ,CCV.CVC.CV.CV.CV
Propheciá,profetizar,pɾu.fɨ.ti.ˈzaɾ,CCV.CV.CV.CVC
Propheto,profeta,pɾu.ˈfɛ.tɐ,CCV.CV.CV
Própi,próprio,ˈpɾɔ.pɾju,CCV.CCCV
Prósimo,próximo,ˈpɾɔ.si.mu,CCV.CV.CV
prózimo,próximo,ˈpɾɔ.si.mu,CCV.CV.CV
prosmo,próximo,ˈpɾɔ.si.mu,CCV.CV.CV
prósmi,próximo,ˈpɾɔ.si.mu,CCV.CV.CV
Provéita,proveito,pɾu.ˈvɐj.tu,CCV.CVC.CV
Proveitá,aproveitar,ɐ.pɾu.vɐj.ˈtaɾ,V.CCV.CVC.CVC
pruveitá,aproveitar,ɐ.pɾu.vɐj.ˈtaɾ,V.CCV.CVC.CVC
Pruffia,porfia,puɾ.ˈfi.ɐ,CVC.CV.V
profia,porfia,puɾ.ˈfi.ɐ,CVC.CV.V
Prugunta,pergunta,pɨɾ.ˈɡũ.tɐ,CVC.CVC.CV
prunta,pergunta,pɨɾ.ˈɡũ.tɐ,CVC.CVC.CV
pruntè,pergunta,pɨɾ.ˈɡũ.tɐ,CVC.CVC.CV
prunto,pergunta,pɨɾ.ˈɡũ.tɐ,CVC.CVC.CV
Pruvá,provar,pɾu.ˈvaɾ,CCV.CVC
prouvá,provar,pɾu.ˈvaɾ,CCV.CVC
Puçá,puxar,pu.ˈʃaɾ,CV.CVC
pusá,puxar,pu.ˈʃaɾ,CV.CVC
Quadrilla,quadrilha,kwɐ.ˈdɾi.ʎɐ,CV.V.CCV.CV
Quártrimo,quarto,ˈkwaɾ.tu,CV.VC.CV
Quátor,quatro,ˈkwa.tɾu,CV.V.CCV
Quem,quem,ˈkɐ̃j̃,CVC
Quemadura,queimadura,kɐj.mɐ.ˈdu.ɾɐ,CVC.CV.CV.CV
Quenhão,quinhão,ki.ˈɲɐ̃w̃,CV.CVG
quinha,quinhão,ki.ˈɲɐ̃w̃,CV.CVG
Querré,querer,kɨ.ˈɾeɾ,CV.CVC
Querendomente,voluntariamente,vu.lũ.ta.ɾjɐ.ˈmẽ.tɨ,CV.CVC.CV.CCV.CV.CV
querandomente,voluntariamente,vu.lũ.ta.ɾjɐ.ˈmẽ.tɨ,CV.CVC.CV.CCV.CV.CV
Querer,querer,kɨ.ˈɾeɾ,CV.CVC
queria,querer,kɨ.ˈɾeɾ,CV.CVC
querria,querer,kɨ.ˈɾeɾ,CV.CVC
Quessador,acusador,ɐ.ku.zɐ.ˈdoɾ,V.CV.CV.CVC
Quetanto,quanto,ˈkwɐ̃.tu,CV.V.CV
qutanto,quanto,ˈkwɐ̃.tu,CV.V.CV
Quorenta,quarenta,kwɐ.ˈɾẽ.tɐ,CV.V.CV.CV
Rancá,arrancar,ɐ.Rɐ̃.ˈkaɾ,V.CV.CVC
ranchá,arrancar,ɐ.Rɐ̃.ˈkaɾ,V.CV.CVC
Rastá,arrastar,ɐ.Rɐʃ.ˈtaɾ,V.CVC.CVC
Rebeldo,rebelde,Rɨ.ˈbɛɫ.dɨ,CV.CVC.CV
Rebelloso,rebelde,Rɨ.ˈbɛɫ.dɨ,CV.CVC.CV
Recia,receio,Rɨ.ˈsɐj.u,CV.CVC.V
Reciá,recear,Rɨ.ˈsi.aɾ,CV.CV.VC
Recompensão,recompensar,Rɨ.kõ.pẽ.ˈsaɾ,CV.CVC.CV.CVC
Redá,arredar,ɐ.Rɨ.ˈdaɾ,V.CV.CVC
Refença,vingança,vĩ.ˈɡɐ̃.sɐ,CVC.CV.CV
refencia,vingança,vĩ.ˈɡɐ̃.sɐ,CVC.CV.CV
Refujo,refúgio,Rɨ.ˈfu.ʒju,CV.CV.CCV
Registração,registo,Rɨ.ˈʒiʃ.tu,CV.CVC.CV
Regolá,regular,Rɨ.ɡu.ˈlaɾ,CV.CV.CVC
Rendá,arrendar,ɐ.Rẽ.ˈdaɾ,V.CV.CVC
Rependimento,arrependimento,ɐ.Rɨ.pẽ.di.ˈmẽ.tu,V.CV.CV.CV.CV.CV
Repentação,arrependimento,ɐ.Rɨ.pẽ.di.ˈmẽ.tu,V.CV.CV.CV.CV.CV
Repostá,responder,Rɨʃ.põ.ˈdeɾ,CVC.CVC.CVC
Reprende,repreender,Rɨ.pɾjẽ.ˈdeɾ,CV.CCCV.CVC
Requedação,arrecadação,ɐ.Rɨ.kɐ.dɐ.ˈsɐ̃w̃,V.CV.CV.CV.CVG
Resgueto,resgate,Rɨʒ.ˈɡa.tɨ,CVC.CV.CV
Resolvá,resolver,Rɨ.zoɫ.ˈveɾ,CV.CVC.CVC
Respeitado,respeitável,Rɨʃ.pɐj.ˈta.vɛɫ,CVC.CVC.CV.CVC
Respéto,respeito,Rɨʃ.ˈpɐj.tu,CVC.CVC.CV
Responsibilidade,responsabilidade,Rɨʃ.põ.sɐ.bi.li.ˈda.dɨ,CVC.CVC.CV.CV.CV.CV.CV
Restanto,restante,Rɨʃ.ˈtɐ̃.tɨ,CVC.CV.CV
Rexinol,rouxinol,Row.si.ˈnɔɫ,CVG.CV.CVC
Rezão,razão,Rɐ.ˈzɐ̃w̃,CV.CVG
rezan,razão,Rɐ.ˈzɐ̃w̃,CV.CVG
Revolá,revolver,Rɨ.voɫ.ˈveɾ,CV.CVC.CVC
Riu,rio,ˈRi.u,CV.V
Róla,rolo,ˈRo.lu,CV.CV
Rompá,romper,Rõ.ˈpeɾ,CVC.CVC
Ronchà,roncar,Rõ.ˈkaɾ,CVC.CVC
Rubá,roubar,Row.ˈbaɾ,CVG.CVC
Rudela,rodela,Ru.ˈdɛ.lɐ,CV.CV.CV
Ruino,ruína,ˈRwi.nɐ,CV.V.CV
ruvína,ruína,ˈRwi.nɐ,CV.V.CV
ruvinação,ruína,ˈRwi.nɐ,CV.V.CV
Ruiná,arruinar,ɐ.Rwi.ˈnaɾ,V.CV.V.CVC
ruviná,arruinar,ɐ.Rwi.ˈnaɾ,V.CV.V.CVC
Rumpé,romper,Rõ.ˈpeɾ,CVC.CVC
Ruva,rua,ˈRu.ɐ,CV.V
Saberoso,saboroso,sɐ.bu.ˈɾo.zu,CV.CV.CV.CV
sabaroso,saboroso,sɐ.bu.ˈɾo.zu,CV.CV.CV.CV
sabroso,saboroso,sɐ.bu.ˈɾo.zu,CV.CV.CV.CV
Sahinho,saída,sɐ.ˈi.dɐ,CV.V.CV
Salutação,saudação,saw.dɐ.ˈsɐ̃w̃,CVG.CV.CVG
Sandê,acender,ɐ.sẽ.ˈdeɾ,V.CV.CVC
sandà,acender,ɐ.sẽ.ˈdeɾ,V.CV.CVC
Santildade,santidade,sɐ̃.ti.ˈda.dɨ,CV.CV.CV.CV
Sará,serrar,sɨ.ˈRaɾ,CV.CVC
Sarado,cerrado,sɨ.ˈRa.du,CV.CV.CV
Satisfazido,satisfeito,sɐ.tiʃ.ˈfɐj.tu,CV.CVC.CVC.CV
Saudição,saudação,saw.dɐ.ˈsɐ̃w̃,CVG.CV.CVG
Saúdo,sábado,ˈsa.bɐ.du,CV.CV.CV
saudo-dia,sábado,ˈsa.bɐ.du,CV.CV.CV
Seguente,seguinte,sɨ.ˈɡĩ.tɨ,CV.CVC.CV
segunte,seguinte,sɨ.ˈɡĩ.tɨ,CV.CVC.CV
Seguindo,seguinte,sɨ.ˈɡĩ.tɨ,CV.CVC.CV
Seguradomente,seguramente,sɨ.ɡu.ɾɐ.ˈmẽ.tɨ,CV.CV.CV.CV.CV
Seisenta,sessenta,sɨ.ˈsẽ.tɐ,CV.CV.CV
Seite,sete,ˈsɛ.tɨ,CV.CV
Semalhança,semelhança,sɨ.mɨ.ˈʎɐ̃.sɐ,CV.CV.CV.CV
semeIhancè,semelhança,sɨ.mɨ.ˈʎɐ̃.sɐ,CV.CV.CV.CV
Sementria,sementeira,sɨ.mẽ.ˈtɐj.ɾɐ,CV.CV.CVC.CV
Sen,sem,sɐ̃j̃,CVC
Senan,senão,sɨ.ˈnɐ̃w̃,CV.CVG
Senhoris,senhor,sɨ.ˈɲoɾ,CV.CVC
Sentencia,sentença,sẽ.ˈtẽ.sɐ,CV.CV.CV
Seperá,separar,sɨ.pɐ.ˈɾaɾ,CV.CV.CVC
Separação,separação,sɨ.pɐ.ɾɐ.ˈsɐ̃w̃,CV.CV.CV.CVG
Serioso,sério,ˈsɛ.ɾju,CV.CCV
Sés,seis,ˈsɐjʃ,CVCC
Seve,sebe,ˈsɛ.bɨ,CV.CV
Simiá,semear,sɨ.ˈmi.aɾ,CV.CV.VC
Simple,simples,ˈsĩ.plɨʃ,CVC.CCVC
simplo,simples,ˈsĩ.plɨʃ,CVC.CCVC
Sinhárè,senhora,sɨ.ˈɲo.ɾɐ,CV.CV.CV
Sinté,sentir,sẽ.ˈtiɾ,CV.CVC
Siome,ciúme,ˈsju.mɨ,CCV.CV
Sistê,assistir,ɐ.siʃ.ˈtiɾ,V.CVC.CVC
Sóbri,sobre,ˈso.bɾɨ,CV.CCV
sóber,sobre,ˈso.bɾɨ,CV.CCV
Sociadade,sociedade,su.sjɐ.ˈda.dɨ,CV.CCV.CV.CV
Socorá,socorrer,su.ku.ˈReɾ,CV.CV.CVC
Soitâ,açoitar,ɐ.soj.ˈtaɾ,V.CVC.CVC
Solemno,solene,su.ˈlɛ.nɨ,CV.CV.CV
Sombrè,sombra,ˈsõ.bɾɐ,CVC.CCV
sómber,sombra,ˈsõ.bɾɐ,CVC.CCV
Sonento,sonolento,su.nu.ˈlẽ.tu,CV.CV.CV.CV
Subê,subir,su.ˈbiɾ,CV.CVC
soubê,subir,su.ˈbiɾ,CV.CVC
Subiá,sobejar,su.bɨ.ˈʒaɾ,CV.CV.CVC
Subtomente,subitamente,su.bi.tɐ.ˈmẽ.tɨ,CV.CV.CV.CV.CV
Súcar,açúcar,ɐ.ˈsu.kɐɾ,V.CV.CVC
Suffri,sofrer,su.ˈfɾeɾ,CV.CCVC
Suffrador,sofredor,su.fɾɨ.ˈdoɾ,CV.CCV.CVC
Sujaza,sujidade,su.ʒi.ˈda.dɨ,CV.CV.CV.CV
Sumana,semana,sɨ.ˈmɐ.nɐ,CV.CV.CV
sumanè,semana,sɨ.ˈmɐ.nɐ,CV.CV.CV
Superemo,supremo,su.ˈpɾe.mu,CV.CCV.CV
Susaso,sucesso,su.ˈsɛ.su,CV.CV.CV
Suspira,suspiro,suʃ.ˈpi.ɾu,CVC.CV.CV
Suvà,suar,ˈswaɾ,CV.VC
Telegramo,telegrama,tɨ.lɨ.ˈɡɾɐ.mɐ,CV.CV.CCV.CV
Telhada,telhado,tɨ.ˈʎa.du,CV.CV.CV
Temaro,temor,tɨ.ˈmoɾ,CV.CVC
Tenro,terno,ˈtɛɾ.nu,CVC.CV
Terivel,terrível,tɨ.ˈRi.vɛɫ,CV.CV.CVC
Tirnia,tirania,ti.ɾɐ.ˈni.ɐ,CV.CV.CV.V
Tirrá,tirar,ti.ˈɾaɾ,CV.CVC
Topàz,topázio,tu.ˈpa.zju,CV.CV.CCV
Tortil,berço,ˈbeɾ.su,CVC.CV
Torno,torre,ˈto.Rɨ,CV.CV
Traducê,traduzir,tɾɐ.du.ˈziɾ,CCV.CV.CVC
Trahido,distraído,diʃ.tɾɐ.ˈi.du,CVC.CCV.V.CV
Transgressá,transgredir,tɾɐ̃ʒ.ɡɾɨ.ˈdiɾ,CCVC.CCV.CVC
Trapá,trepar,tɾɨ.ˈpaɾ,CCV.CVC
Travelho,trabalho,tɾɐ.ˈba.ʎu,CCV.CV.CV
travajo,trabalho,tɾɐ.ˈba.ʎu,CCV.CV.CV
travai,trabalho,tɾɐ.ˈba.ʎu,CCV.CV.CV
travia,trabalho,tɾɐ.ˈba.ʎu,CCV.CV.CV
Travalhá,trabalhar,tɾɐ.bɐ.ˈʎaɾ,CCV.CV.CVC
travalyá,trabalhar,tɾɐ.bɐ.ˈʎaɾ,CCV.CV.CVC
travejá,trabalhar,tɾɐ.bɐ.ˈʎaɾ,CCV.CV.CVC
traveliá,trabalhar,tɾɐ.bɐ.ˈʎaɾ,CCV.CV.CVC
traviá,trabalhar,tɾɐ.bɐ.ˈʎaɾ,CCV.CV.CVC
Trémè,tremor,tɾɨ.ˈmoɾ,CCV.CVC
Trevessado,depravado,dɨ.pɾɐ.ˈva.du,CV.CCV.CV.CV
trevesado,depravado,dɨ.pɾɐ.ˈva.du,CV.CCV.CV.CV
arrevezado,depravado,dɨ.pɾɐ.ˈva.du,CV.CCV.CV.CV
Tribulá,atribular,ɐ.tɾi.bu.ˈlaɾ,V.CCV.CV.CVC
Trimi,tremer,tɾɨ.ˈmeɾ,CCV.CVC
Trinidade,trindade,tɾĩ.ˈda.dɨ,CCVC.CV.CV
Trintè,trinta,ˈtɾĩ.tɐ,CCVC.CV
Triómpha,triunfo,tɾi.ˈũ.fu,CCV.VC.CV
Triompliante,triunfante,tɾi.ũ.ˈfɐ̃.tɨ,CCV.VC.CV.CV
Tristézè,tristeza,tɾiʃ.ˈte.zɐ,CCVC.CV.CV
Trova,trovejar,tɾu.vɨ.ˈʒaɾ,CCV.CV.CVC
truvá,trovejar,tɾu.vɨ.ˈʒaɾ,CCV.CV.CVC
Trocamento,troca,ˈtɾɔ.kɐ,CCV.CV
Trombeto,trombeta,tɾõ.ˈbe.tɐ,CCVC.CV.CV
trumbetè,trombeta,tɾõ.ˈbe.tɐ,CCVC.CV.CV
Trusamento,disenteria,di.zẽ.tɨ.ˈɾi.ɐ,CV.CV.CV.CV.V
Ungiá,ungir,ũ.ˈʒiɾ,VC.CVC
Urvis,ourives,ow.ˈɾi.vɨʃ,VG.CV.CVC
Vadade,vaidade,vaj.ˈda.dɨ,CVC.CV.CV
Valante,valente,vɐ.ˈlẽ.tɨ,CV.CV.CV
Valiá,avaliar,ɐ.vɐ.ˈli.aɾ,V.CV.CV.VC
Vanda,banda,ˈbɐ̃.dɐ,CV.CV
Vatti,açafate,ɐ.sɐ.ˈfa.tɨ,V.CV.CV.CV
Vença,vencer,vẽ.ˈseɾ,CV.CVC
vencà,vencer,vẽ.ˈseɾ,CV.CVC
Verdedeiro,verdadeiro,vɨɾ.dɐ.ˈdɐj.ɾu,CVC.CV.CVC.CV
Vésper,véspera,ˈvɛʃ.pɨ.ɾɐ,CVC.CV.CV
Vido,ver,ˈveɾ,CVC
Vigári,vigário,vi.ˈɡa.ɾju,CV.CV.CCV
Vigil,vigília,vi.ˈʒi.ljɐ,CV.CV.CCV
Vin',vinho,ˈvi.ɲu,CV.CV
Vindo,vinda,ˈvĩ.dɐ,CVC.CV
Vintôrè,ventura,vẽ.ˈtu.ɾɐ,CV.CV.CV
Vinteroso,venturoso,vẽ.tu.ˈɾo.zu,CV.CV.CV.CV
vintroso,venturoso,vẽ.tu.ˈɾo.zu,CV.CV.CV.CV
Virrá,virar,vi.ˈɾaɾ,CV.CVC
Vistê,vestir,vɨʃ.ˈtiɾ,CVC.CVC
vistá,vestir,vɨʃ.ˈtiɾ,CVC.CVC
Vizia,vigia,vi.ˈʒi.ɐ,CV.CV.V
Viziá,vigiar,vi.ˈʒi.aɾ,CV.CV.VC
